ID,name,lat,long
600,Hanshagen (Lkr. Vorpommern-Greifswald),54.0450000, 13.5513400
601,Stilow (Lkr. Vorpommern-Greifswald),54.0890000, 13.5710000
602,Weitenhagen (Lkr. Vorpommern-Greifswald),54.0540000, 13.4167000
603,Bössow (Lkr. Nordwestmecklenburg),53.9180000, 11.2240000
604,Wahrsow (Lkr. Nordwestmecklenburg),53.8280000, 10.8110000
605,Wotenitz (Lkr. Nordwestmecklenburg),53.8360000, 11.1800000
606,Zarrendorf (Lkr. Vorpommern-Rügen),54.2333000, 13.0833000
607,Barth (Lkr. Vorpommern-Rügen),54.3576000, 12.7142000
608,Kloster (Lkr. Vorpommern-Rügen),54.5870000, 13.1060000
609,Kluptow (Lkr. Vorpommern-Rügen),54.4060000, 13.4930000
610,Kniepow (Lkr. Vorpommern-Rügen),54.3460000, 13.3470000
611,Muuks (Lkr. Vorpommern-Rügen),54.3720000, 12.9880000
612,Farpen (Lkr. Nordwestmecklenburg),53.9640000, 11.5440000
613,Hornstorf (Lkr. Nordwestmecklenburg),53.9167000, 11.5333000
614,Gothen (Lkr. Vorpommern-Greifswald),53.9458800, 14.1347700
615,Hohendorf (Lkr. Vorpommern-Greifswald),54.0290300, 13.7308200
616,Kröslin (Lkr. Vorpommern-Greifswald),54.1167000, 13.7667000
617,Lassan (Lkr. Vorpommern-Greifswald),53.9500000, 13.8500000
618,Rankwitz (Lkr. Vorpommern-Greifswald),53.9500000, 13.9333000
619,Voßberg (Lkr. Vorpommern-Greifswald),53.8717900, 13.8795700
22,"Mainz, Zivilsiedlung",50.0009800, 8.2688200
25,Heidetränk Oppidum,50.2210000, 8.5220000
31,Hitzacker-Marwedel,53.1500000, 11.0500000
33,Donnersberg (Donnersbergkreis),49.6251900, 7.9146800
34,Altkönig,50.2120000, 8.4820000
36,Uthleben,51.4333000, 10.8333000
38,Gemünden,50.9667000, 8.9666700
40,Frankfurt-Höchst,50.0960000, 8.5390000
43,Dieburg (allgem.),49.9072700, 8.8432700
76,Alsbach-Hähnlein,49.7460000, 8.6100000
95,Trebur,49.9240000, 8.4090000
131,Wetzlar-Niedergirmes,50.5725100, 8.5020200
135,Echzell,50.3890000, 8.8860000
140,Wölfersheim,50.4000000, 8.8170000
142,Berstadt,50.4260600, 8.8662100
143,Rottweil,48.1678300, 8.6271900
145,Friedberg,50.3300000, 8.7620000
149,Kassel Wolfsanger,51.3380490, 9.5503600
150,Vockerode,51.2100000, 9.9050000
151,Berghofen,51.0050000, 8.6720000
152,Schreufa,51.0850000, 8.7990000
155,Niederdorfelden,50.1930000, 8.8050000
158,Gernsheim,49.7580000, 8.4860000
163,Gernsheim-Allmendfeld,49.7730000, 8.5280000
167,Schmalstede (Lkr. Rendsburg-Eckernförde),54.2000000, 10.0330000
168,Lengerich,52.5540000, 7.5320000
169,Laatzen,52.3150000, 9.7970000
170,Altenwalde,53.8180000, 8.6620000
171,Wiepenkathen,53.5830000, 9.4170000
172,Hemelingen,53.0500000, 8.8960000
173,Wulsdorf,53.5050000, 8.6030000
174,Dargardt (Lkr. Prignitz),53.1640000, 11.6870000
175,Biesenbrow (Lkr. Uckermark),53.1200000, 14.0130000
176,Müllrose (Lkr. Oder-Spree),52.2470000, 14.4180000
177,Blankenburg (Lkr. Uckermark),53.2170000, 13.9360000
178,Divitz (Lkr. Vorpommern-Rügen),54.3250000, 12.6830000
179,Ribnitz (Lkr. Vorpommern-Rügen),53.8500000, 13.7833300
180,Demern (Lkr. Nordwestmecklenburg),53.7420000, 10.9870000
181,Brudersdorf (Lkr. Mecklenburgische Seenplatte),53.9009900, 12.8501300
182,Kittendorf (Lkr. Mecklenburgische Seenplatte),53.6250000, 12.9040000
183,Neustrelitz (Lkr. Mecklenburgische Seenplatte),53.3501000, 13.0672000
184,Radewitz (Lkr. Vorpommern-Greifswald),53.2950000, 14.1550000
185,Wörmlitz (Lkr. Jerichower Land),52.1709300, 11.8448000
186,Parey (Elbe) (Lkr. Jerichower Land),52.3800000, 11.9830000
187,Deersheim (Lkr. Harz),51.9830000, 10.7810000
188,Altenhausen (Lkr. Börde),52.2620000, 11.2540000
189,Bodendorf (Lkr. Börde),52.2880000, 11.3250000
190,Plätz (Lkr. Stendal),52.7380000, 11.8870000
191,Burg (Lkr. Jerichower Land),52.2667300, 11.8631300
192,Gommern (Lkr. Jerichower Land),52.0667000, 11.8333000
193,Schermen (Lkr. Jerichower Land),52.2320600, 11.8138200
194,Stegelitz (Lkr. Jerichower Land),52.1899000, 11.9067600
195,Wahlitz (Lkr. Jerichower Land),52.1037600, 11.7794700
196,Kalbe (Milde) (Lkr. Altmarkkreis Salzwedel ),52.6500000, 11.4000000
197,Genthin (Lkr. Jerichower Land),52.3954000, 12.1550000
198,Gladau (Lkr. Jerichower Land),52.3043300, 12.0909200
199,Danstedt (Lkr. Harz),51.9119100, 10.8863800
200,Dedeleben (Lkr. Harz),52.0324300, 10.8915700
201,Emersleben (Lkr. Harz),51.9300000, 11.1390000
202,Nienhagen (Lkr. Harz),51.9500000, 11.1650000
203,Pabstorf (Lkr. Harz),52.0303200, 10.9590300
204,Schlanstedt (Lkr. Harz),52.0122500, 11.0309600
205,Berenbrock (Lkr. Börde),52.4200000, 11.3070000
206,Bülstringen (Lkr. Börde),52.3167000, 11.3500000
207,Hillersleben (Lkr. Börde),52.2824700, 11.4783500
208,Hundisburg (Lkr. Börde),52.2466200, 11.3995200
209,Ostingersleben (Lkr. Börde),52.2110000, 11.1700000
210,Schackensleben (Lkr. Börde),52.1957200, 11.4194300
211,Uthmöden (Lkr. Börde),52.3540100, 11.3554000
212,Wegenstedt (Lkr. Börde),52.3867400, 11.1999800
213,Bebertal (Lkr. Börde),52.2394400, 11.3348400
214,Nitzow (Lkr. Stendal),52.8740500, 12.0533500
215,Beetzendorf (Lkr. Altmarkkreis Salzwedel),52.7000000, 11.1000000
216,Ausleben (Lkr. Börde),52.0830000, 11.1170000
217,Badeleben (Lkr. Börde),52.1460000, 11.1250000
218,Gröningen (Lkr. Börde),51.9333000, 11.2167000
219,Dewitz (Lkr. Stendal),52.8383700, 11.6143700
221,Gethlingen (Lkr. Stendal),52.7543700, 11.8959600
222,Klein Schwechten (Lkr. Stendal),52.7070500, 11.7450300
223,Osterburg (Altmark) (Lkr. Stendal),52.7833000, 11.7667000
224,Walsleben (Lkr. Stendal),52.7561600, 11.8561700
225,Bombeck (Altmarkkreis Salzwedel),52.8397300, 11.0227500
226,Salzwedel (Altmarkkreis Salzwedel),52.8540000, 11.1530000
227,"Seeben (Halle, Stadtbezirk Nord)",51.5308600, 11.9750400
228,Velgau (Lkr. Osterburg),52.8000000, 11.4000000
229,Biere (Salzlandkreis),51.9743100, 11.6544300
230,Hecklingen (Salzlandkreis),51.8500000, 11.5333000
231,Westeregeln (Salzlandkreis),51.9632800, 11.3926500
232,Arneburg (Lkr. Stendal),52.6667000, 12.0000000
233,Eichstedt (Altmark) (Lkr. Eichstedt),52.6833000, 11.8500000
234,Groß Schwechten (Stadt Stendal),52.6069000, 11.8586700
235,Hämerten (Lkr. Stendal),52.5905400, 11.9871100
236,Hassel (Lkr. Stendal),52.6395200, 11.9263500
237,Heeren (Stendal),52.5427500, 11.8865200
238,Insel (Stendal),52.5619000, 11.7536400
239,Kläden (Lkr. Stendal),52.6321100, 11.6605300
240,Nahrstedt (Lkr. Stendal),52.5783400, 11.7078300
241,Neuendorf am Speck (Lkr. Stendal),52.6675200, 11.7857700
242,Sanne (Lkr. Stendal),52.6580600, 11.9416200
243,Staffelde (Lkr. Stendal),52.6032600, 11.9558700
244,Stendal,52.6052000, 11.8604300
245,Storkau (Lkr. Stendal),52.6122200, 11.9998200
246,Tangermünde (Lkr. Stendal),52.5388000, 11.9626000
247,Uenglingen (Lkr. Stendal),52.6179700, 11.8089300
248,Dreileben (Lkr. Börde),52.1280000, 11.3320000
249,Eilsleben (Lkr. Börde),52.1500000, 11.2167000
250,Hadmersleben (Lkr. Börde),51.9927500, 11.3028300
251,Klein Wanzleben (Lkr. Börde),52.0700500, 11.3659400
252,Langenweddingen (Lkr. Börde),52.0337000, 11.5256900
253,Seehausen (Lkr. Stendal),52.8833000, 11.7500000
254,Ummendorf (Lkr. Börde),52.1500000, 11.1833000
255,Wefensleben (Lkr. Börde),52.1833000, 11.1667000
256,Derenburg (Lkr. Harz),51.8708600, 10.9102900
257,Langeln (Lkr. Harz),51.9118800, 10.7943600
258,Minsleben (Lkr. Harz),51.8662100, 10.8286400
259,Eichenbarleben (Lkr. Börde),52.1668800, 11.4012500
260,Wolmirstedt (Lkr. Börde),52.2543000, 11.6286500
261,Klepps (Lkr. Jerichower Land),52.0867900, 12.0482600
262,Loburg (Lkr. Jerichower Land),52.1150900, 12.0784000
263,Magdeburg,52.1242600, 11.6322200
264,Aschersleben (Lkr. Salzlandkreises),51.7777800, 11.4888900
265,Ermsleben (Lkr. Harz),51.7324400, 11.3507000
266,Gatersleben (Lkr. Salzlandkreis),51.8221500, 11.2866100
267,Nachterstedt (Lkr. Salzlandkreis),51.8008100, 11.3348900
268,Bernburg (Lkr. Salzlandkreises),51.7897400, 11.7458800
269,Hohenedlau (Lkr. Salzlandkreis),51.6620300, 11.8392500
270,Preußlitz (Lkr. Salzlandkreis),51.7326100, 11.8109600
271,Altjeßnitz (Lkr. Anhalt-Bitterfeld),51.6915200, 12.3213100
272,Löberitz (Lkr. Anhalt-Bitterfeld),51.6539300, 12.1465500
273,Zörbig (Lkr. Anhalt-Bitterfeld),51.6249000, 12.1398000
274,Bischofrode (Lkr. Mansfeld-Südharz),51.4865600, 11.5316400
275,Bösenburg (Lkr. Mansfeld-Südharz),51.4865600, 11.5316400
276,Aken (Lkr. Anhalt-Bitterfeld),51.8500000, 12.0500000
277,Köthen,51.7520000, 11.9710000
278,Allstedt (Lkr. Mansfeld-Südharz),51.4000000, 11.3833000
279,Annaburg (Lkr. Wittenberg),51.7333000, 13.0333000
280,Bad Kösen (Lkr. Burgenlandkreis),51.1343100, 11.7220300
281,Balgstädt (Lkr. Burgenlandkreis),51.2170000, 11.7330000
282,Ballenstedt (Lkr. Harz),51.7190000, 11.2330000
283,Merseburg (Lkr. Saalekreis),51.3550000, 11.9890000
284,Querfurt (Lkr. Saalekreis),51.3801000, 11.6005000
285,Weißenfels (Lkr. Burgenlandkreis),51.1958300, 11.9849000
286,Beyernaumburg (Lkr. Mansfeld-Südharz),51.4739200, 11.3945100
287,Dederstedt (Lkr. Mansfeld-Südharz),51.5444800, 11.6893600
288,Dessau,51.8440800, 12.2474600
289,Ditfurt (Lkr. Harz),51.8330000, 11.2000000
290,Dohndorf (Lkr. Anhalt-Bitterfeld),51.7255100, 11.8735200
291,Freist (Lkr. Mansfeld-Südharz),51.6043900, 11.7025800
292,Freyburg (Unstrut) (Lkr. Burgenlandkreis),51.2000000, 11.7667000
293,Gerbstedt (Lkr. Mansfeld-Südharz),51.6333000, 11.6167000
294,Gimritz (Lkr. Saalekreis),51.5663500, 11.8682100
295,Großleinungen (Lkr. Mansfeld-Südharz),51.4932700, 11.2030300
296,Gröbitz (Lkr. Burgenlandkreis),51.1346800, 11.9244800
297,Gröbzig,51.6820000, 11.8750000
298,Halle (Saale),51.4829800, 11.9720200
299,Heiligenthal (Lkr. Mansfeld-Südharz),51.6085900, 11.6332800
300,Helbra (Lkr. Mansfeld-Südharz),51.5500000, 11.5000000
301,Helfta (Lkr. Mansfeld-Südharz),51.5042900, 11.5783600
302,Naumburg (Saale) (Lkr. Burgenlandkreis),51.1500000, 11.8297500
303,Grunau (Lkr. Burgenlandkreis),51.1686600, 12.1422900
304,Hornburg (Lkr. Mansfeld-Südharz),51.4541700, 11.5882100
305,Jessen (Lkr. Wittenberg),51.8136400, 12.9874500
306,Keuschberg (Lkr. Saalekreis),51.3000000, 12.0666700
307,Kleinjena (Lkr. Burgenlandkreis),51.1810700, 11.7750700
308,Eisleben (Lkr. Mansfeld-Südharz),51.5258000, 11.5345000
309,Kreisfeld (Lkr. Mansfeld-Südharz),51.5291500, 11.4850300
310,Polleben (Lkr. Mansfeld-Südharz),51.5796600, 11.5993100
311,Unterrißdorf (Lkr. Mansfeld-Südharz),51.5186200, 11.5976700
312,Volkstedt (Lkr. Mansfeld-Südharz),51.5626700, 11.5565800
313,Mescheide (Lkr. Wittenberg),51.7226300, 12.4711900
314,Zschiesewitz (Lkr. Wittenberg),51.7532000, 12.4182800
315,Alterode (Lkr. Mansfeld-Südharz),51.6755200, 11.3836200
316,Oberwiederstedt (Lkr. Mansfeld-Südharz),51.6652600, 11.5272300
317,Quenstedt (Lkr. Mansfeld-Südharz),51.6960700, 11.4564000
318,Pretzsch (Lkr. Burgenlandkreis),51.0943900, 11.9463100
319,Stößen (Lkr. Burgenlandkreis),51.1000000, 11.9333000
320,Drosa (Lkr. Anhalt-Bitterfeld),51.8160700, 11.9057500
321,Edderitz (Lkr. Anhalt-Bitterfeld),51.6993300, 11.9371200
322,Elsdorf (Lkr. Anhalt-Bitterfeld),51.7819700, 11.9788400
323,Lausigk (Lkr. Anhalt-Bitterfeld),51.7572700, 12.0846300
324,Libbesdorf (Lkr. Anhalt-Bitterfeld),51.7723600, 12.1096300
325,Osternienburg (Lkr. Anhalt-Bitterfeld),51.7938400, 12.0261600
326,Trebbichau (Lkr. Anhalt-Bitterfeld),51.8144500, 12.0044700
327,Wulfen (Lkr. Anhalt-Bitterfeld),51.8193800, 11.9306300
328,Bedra (Lkr. Saalekreis),51.2808800, 11.8828900
329,Braunsdorf (Lkr. Saalekreis),51.2860200, 11.8898700
330,Kötschlitz (Lkr. Saalekreis),51.3550600, 12.1710100
331,Mücheln (Lkr. Saalekreis),51.3000000, 11.8000000
332,Schafstädt (Lkr. Saalekreis),51.3813100, 11.7730200
333,Schotterey (Lkr. Saalekreis),51.3906600, 11.8411300
334,Wegwitz (Lkr. Saalekreis),51.3620800, 12.0844600
335,Burgheßler (Lkr. Burgenlandkreis),51.1594000, 11.6508700
336,Großjena (Lkr. Burgenlandkreis),51.1890000, 11.7907500
337,Seena (Lkr. Burgenlandkreis),51.1120200, 11.5216800
338,Taugwitz (Lkr. Burgenlandkreis),51.1252400, 11.6353000
339,Wethau (Lkr. Burgenlandkreis),51.1333000, 11.8667000
340,Golzen (Lkr. Burgenlandkreis),51.2206500, 11.6392800
341,Lossa (Lkr. Burgenlandkreis),51.2219400, 11.4104000
342,Nebra (Lkr. Burgenlandkreis),51.2833000, 11.5667000
343,Wennungen (Lkr. Burgenlandkreis),51.2665900, 11.6352800
344,Zscheiplitz (Lkr. Burgenlandkreis),51.2150000, 11.7360000
345,Neinstedt (Lkr. Harz),51.7495000, 11.0872100
346,Quedlinburg (Lkr. Harz),51.7880000, 11.1500000
347,Thale (Lkr. Harz),51.7528000, 11.0580000
348,Westerhausen (Lkr. Harz),51.8056600, 11.0563100
349,Bergfarnstädt (Lkr. Saalekreis),51.4347800, 11.5494300
350,Farnstädt (Lkr. Saalekreis),51.4333000, 11.5667000
351,Kuckenburg (Lkr. Saalekreis),51.4119600, 11.6529200
352,Liederstädt (Lkr. Saalekreis),51.3083200, 11.5816100
353,Lodersleben (Lkr. Saalekreis),51.3776600, 11.5374900
354,Nemsdorf (Lkr. Saalekreises),51.3550200, 11.6825200
355,Niedereichstädt (Lkr. Saalekreis),51.3000000, 11.8000000
356,Öchlitz (Lkr. Saalekreis),51.3232200, 11.7624800
357,Schraplau (Lkr. Saalekreis),51.4333000, 11.6667000
358,Coswig (Lkr. Wittenberg),51.1263500, 13.5842000
359,Klieken (Lkr. Wittenberg),51.8880600, 12.3707000
360,Boltzenhöhe (Lkr. Saalekreis),51.5207200, 11.7491600
361,Fienstedt (Lkr. Saalekreis),51.5532400, 11.7872300
362,Lochau (Lkr. Saalekreis),51.3973800, 12.0530300
363,Osmünde (Lkr. Saalekreis),51.4465900, 12.1141900
364,Petersberg (Lkr. Saalekreis),51.5963700, 11.9530400
365,Schlettau (Lkr. Saalekreis),51.6535900, 11.8811200
366,Wettin (Lkr. Saalekreis),51.5860400, 11.8063000
367,Mittelhausen (Lkr. Mansfeld-Südharz),51.4340900, 11.4620400
368,Morungen (Lkr. Mansfeld-Südharz),51.5167100, 11.2317600
369,Nienstedt (Lkr. Mansfeld-Südharz),51.4416400, 11.3983200
370,Riestedt (Lkr. Mansfeld-Südharz),51.4949600, 11.3602300
371,Sangerhausen (Lkr. Mansfeld-Südharz),51.4686000, 11.2688000
372,Tilleda (Lkr. Mansfeld-Südharz),51.4201900, 11.1406500
373,Wallhausen (Lkr. Mansfeld-​Südharz),51.4667000, 11.2000000
374,Beuditz (Lkr. Burgenlandkreis),51.4208900, 12.1753400
375,Langendorf (Lkr. Burgenlandkreis),51.0882000, 12.2609800
376,Lösau (Lkr. Burgenlandkreis),51.2246000, 12.0305600
377,Pratau (Lkr. Wittenberg),51.8422600, 12.6437300
378,Bornitz (Lkr. Burgenlandkreis),51.0882100, 12.1716200
379,Zeitz (Lkr. Burgenlandkreis),51.0597000, 12.1289000
380,Alleringersleben (Lkr. Börde),52.2137100, 11.1418500
381,Althaldensleben (Lkr. Börde),52.2687900, 11.4237200
382,Altmark,52.7500000, 11.5000000
383,Barleben (Lkr. Börde),52.2019300, 11.6177000
384,Bellingen (Lkr. Stendal),52.5126700, 11.8298700
385,Belsdorf (Lkr. Börde),52.1961400, 11.1541300
386,Calvörde (Lkr. Börde),52.3898000, 11.2964000
387,Dolchau (Altmarkkreis Salzwedel),52.7233000, 11.4616600
388,Dolle (Lkr. Börde),52.4089100, 11.6249100
389,Domersleben (Lkr. Börde),52.0919900, 11.4375700
390,Dorst (Lkr. Börde),52.3790000, 11.3893600
391,Elbeu (Lkr. Börde),52.2388400, 11.6186100
392,Emden (Lkr. Börde),52.2399900, 11.2809000
393,Farsleben (Lkr. Börde),52.2776100, 11.6527200
394,Großmühlingen (Salzlandkreis),51.9645900, 11.7062600
395,Halberstadt (Lkr. Harz),51.8883000, 11.0572000
396,Haldensleben (Lkr. Börde),52.3006000, 11.4303300
397,Havelberg (Lkr. Stendal),52.8369000, 12.0905000
398,Hohenberg-Krusemark (Lkr. Stendal),52.7333000, 11.9667000
399,Hohenerxleben (Salzlandkreis),51.8519300, 11.6546700
400,Bad Belzig (Lkr. Potsdam-Mittelmark),52.1420000, 12.5930000
401,Cammer (Lkr. Potsdam-Mittelmark),52.2580000, 12.6630000
402,Dahnsdorf (Lkr. Potsdam-Mittelmark),52.1010000, 12.6690000
403,Dippmannsdorf (Lkr. Potsdam-Mittelmark),52.2210000, 12.5960000
404,Fredersdorf (Lkr. Landkreis Märkisch-Oderland),52.1900000, 12.6390000
405,Niemegk (Lkr. Potsdam-Mittelmark),52.0740000, 12.6890000
406,Jeserig (Lkr. Potsdam-Mittelmark),52.4120000, 12.6940000
407,Ketzür (Lkr. Potsdam-Mittelmark),52.4950000, 12.6300000
408,Kützkow (Lkr. Potsdam-Mittelmark),52.5000000, 12.4500000
409,Netzen (Lkr. Potsdam-Mittelmark),52.3440000, 12.6830000
410,Rädel (Lkr. Potsdam-Mittelmark),52.2870000, 12.7510000
411,Trechwitz (Lkr. Potsdam-Mittelmark),52.3660000, 12.7190000
412,Wusterwitz (Lkr. Potsdam-Mittelmark),52.3830000, 12.4000000
413,Zehdenick (Lkr. Oberhavel),52.9790000, 13.3320000
414,Borgisdorf (Lkr. Teltow-Fläming),51.9270000, 13.1400000
415,Malterhausen (Lkr. Teltow-Fläming),52.0080000, 12.9390000
416,Riesdorf (Lkr. Teltow-Fläming),51.9540000, 13.2340000
417,Treuenbrietzen (Lkr. Potsdam-Mittelmark),52.0980000, 12.8730000
418,Birkholz (Lkr. Teltow-Fläming),52.1170000, 13.8160000
419,Briesen (Lkr. Dahme-Spreewald),52.1170000, 13.7000000
420,Kablow (Lkr. Dahme-Spreewald),52.2970000, 13.7180000
421,Klein Köris (Lkr. Dahme-Spreewald),52.1620000, 13.6960000
422,Königs Wusterhausen (Lkr. Dahme-Spreewald),52.3010000, 13.6330000
423,Niederlehme (Lkr. Dahme-Spreewald),52.3170000, 13.6500000
424,Ragow (Ldk. Dahme-Spreewald),52.2870000, 13.5440000
425,Kyritz (Lkr. Ostprignitz-Ruppin),52.9420000, 12.3970000
426,Wusterhausen/Dosse (Lkr. Ostprignitz-Ruppin),52.8830000, 12.4670000
427,Lochow (Lkr. Teltow-Fläming),52.6870000, 12.4460000
428,Luckenwalde (Lkr. Teltow-Fläming),52.0900000, 13.1680000
429,Petkus (Lkr. Teltow-Fläming),51.9870000, 13.3580000
430,Stangenhagen (Lkr. Teltow-Fläming),52.2090000, 13.0990000
431,Buchow-Karpzow (Lkr. Havelland),52.5160000, 12.9390000
432,Dallgow (Lkr. Havelland),52.5430000, 13.0580000
433,Groß Behnitz (Lkr. Havelland),52.5800000, 12.7330000
434,Nauen (Lkr. Havelland),52.6000000, 12.8833000
435,Paaren im Glien (Lkr. Havelland),52.6537900, 12.9875600
436,Paretz (Lkr. Havelland),52.4690000, 12.8760000
437,Pausin (Lkr. Havelland),52.6390000, 13.0420000
438,Neuruppin (Lkr. Ostprignitz-Ruppin),52.9280000, 12.8030000
439,Zechlin (Lkr. Ostprignitz-Ruppin),53.1390000, 12.7810000
440,Liebenthal (Lkr. Oberhavel),52.9130000, 13.4610000
441,Schönfließ (Lkr. Oberhavel),52.6550000, 13.3380000
442,Velten (Lkr. Oberhavel),52.6910000, 13.1750000
443,Gülitz (Lkr. Prignitz),53.2020000, 11.9650000
444,Kletzke (Lkr. Prignitz),52.9960000, 12.0550000
445,Perleberg (Lkr. Prignitz),53.0760000, 11.8570000
446,Baumgartenbrück (Lkr. Potsdam-Mittelmark),52.3630000, 12.9740000
447,Eiche (Lkr. Barnim),52.5630000, 13.5890000
448,Kemnitz (Lkr. Potsdam-Mittelmark),52.4080000, 12.8670000
449,Saarmund (Lkr. Potsdam-Mittelmark),52.3160000, 13.1250000
450,Salzbrunn (Lkr. Potsdam-Mittelmark),52.1840000, 12.9270000
451,Stücken (Lkr. Potsdam-Mittelmark),52.2450000, 13.0790000
452,Pritzwalk (Lkr. Prignitz),53.1490000, 12.1740000
453,Gräningen (Lkr. Havelland),52.5790000, 12.4720000
454,Kotzen (Lkr. Havelland),52.6330000, 12.5170000
455,Rathenow (Lkr. Havelland),52.6070000, 12.3370000
456,Vieritz (Lkr. Havelland),52.5250000, 12.2560000
457,Buschow (Lkr. Havelland),52.5880000, 12.6350000
458,Freyenstein (Lkr. Ostprignitz-Ruppin),53.2870000, 12.3540000
459,Wittstock (Lkr. Ostprignitz-Ruppin),53.1610000, 12.4830000
460,Baruth (Lkr. Teltow-Fläming),52.0450000, 13.5030000
461,Fernneuendorf (Lkr. Teltow-Fläming),52.1210000, 13.3870000
462,Groß Kienitz (Lkr. Teltow-Fläming),52.3250000, 13.4630000
463,Hohenhenningen (Lkr. Altmarkkreis Salzwedel),52.6644700, 11.1765500
464,Hötensleben (Lkr. Börde),52.1167000, 11.0167000
465,Jeetze (Altmarkkreis Salzwedel),52.7425300, 11.4232500
466,Kahrstedt (Altmarkkreis Salzwedel),52.7093600, 11.4290400
467,Klein Ammensleben (Lkr. Börde),52.2179600, 11.5203400
468,Kleinwusterwitz (Lkr. Jerichower Land),52.4581300, 12.2477800
469,Königsmark (Lkr. Stendal),52.7991700, 11.8432800
470,Krottorf (Lkr. Börde),51.9760000, 11.1790000
471,Langensalzwedel (Lkr. Stendal),52.5809400, 11.9448900
472,Leitzkau (Lkr. Jerichower Land),52.0581800, 11.9520300
473,Lindau (Lkr. Anhalt-Bitterfeld),52.0375100, 12.1078800
474,Lindtorf (Lkr. Stendal),52.6848100, 11.9124400
475,Lödderitz (Salzlandkreis),51.8835800, 11.9539500
476,Lotsche (Altmarkkreis Salzwedel),52.5920000, 11.5713200
477,Lübars (Lkr. Jerichower Land),52.1683200, 12.1238500
478,Neuwegersleben (Lkr. Börde),52.0394800, 11.0956700
479,Osterwieck (Lkr. Harz),51.9667000, 10.7167000
480,Püggen (Altmarkkreis Salzwedel),52.7329100, 11.0597900
481,Rochau (Lkr. Stendal),52.7070500, 11.7450300
482,Rockenthin (Altmarkkreis Salzwedel),52.8619200, 11.0085200
483,Rohrberg (Lkr. Altmarkkreis Salzwedel),52.7000000, 11.0333000
484,Schäplitz (Lkr. Stendal),52.6263900, 11.6189100
485,Schneidlingen (Lkr. Salzlandkreis),51.8945400, 11.4448700
486,Schollene (Lkr. Stendal),52.6833000, 12.2167000
487,Staßfurt (Lkr. Salzlandkreis),51.8396000, 11.5800000
488,Stemmern (Lkr. Börde),51.9969300, 11.5725500
489,Wulferstedt (Lkr. Börde),52.0196100, 11.1314200
490,Zerbst (Lkr. Anhalt-Bitterfeld),51.9598000, 12.0930000
491,Osdorf (Lkr. Teltow-Fläming),52.4000000, 13.3170000
492,Schöbendorf (Lkr. Teltow-Fläming),52.0520000, 13.4300000
493,Wünsdorf (Lkr. Teltow-Fläming),52.1640000, 13.4720000
494,Zossen (Lkr. Teltow-Fläming),52.2160000, 13.4490000
495,Brandenburg an der Havel,52.4170000, 12.5500000
496,Potsdam,52.3990000, 13.0660000
497,Angermünde (Lkr. Uckermark),53.0150000, 13.9990000
498,Briest (Lkr. Ludwigslust-Parchim),53.1520000, 14.0580000
499,Damitzow (Lkr. Uckermark),53.2870000, 14.3340000
500,Herzsprung (Lkr. Uckermark),52.9750000, 13.9880000
501,Niederlandin (Lkr. Uckermark),53.0780000, 14.1400000
502,Pinnow (Lkr. Uckermark),53.0620000, 14.0860000
503,Schmargendorf (Lkr. Uckermark),52.9810000, 13.9580000
504,Schönermark (Lkr. Uckermark),53.1060000, 14.0780000
505,Stolpe (Lkr. Plön),52.9790000, 14.1130000
506,Wartin (Lkr. Uckermark),53.2510000, 14.1570000
507,Bad Freienwalde (Lkr. Märkisch-Oderland,52.7870000, 14.0300000
508,Beeskow (Lkr. Oder-Spree),52.1730000, 14.2460000
509,Lieberose (Lkr. Dahme-Spreewald),51.9850000, 14.3000000
510,Reudnitz (Lkr. Oder-Spree ),52.1310000, 14.3260000
511,Schönerlinde (Lkr. Barnim),52.6540000, 13.4450000
512,Lunow (Lkr. Barnim),52.9220000, 14.1190000
513,Eberswalde (Lkr. Barnim),52.8350000, 13.8200000
514,Neuzelle (Lkr. Oder-Spree),52.0900000, 14.6480000
515,Wellmitz (Lkr. Oder-Spree),52.0660000, 14.7090000
516,Behlendorf (Lkr. Oder-Spree),52.4710000, 14.2200000
517,Fürstenwalde-Süd (Lkr. Oder-Spree),52.3500000, 14.0830000
518,Petersdorf (Lkr. Oder-Spree),52.3140000, 14.0660000
519,Wilhelmsaue (Lkr. Märkisch-Oderland),52.6620000, 14.3470000
520,Prenzlau (Lkr. Uckermark),53.3160000, 13.8630000
521,Warbende (Lkr. Uckermark),53.3570000, 13.5420000
522,Golzow (Lkr. Märkisch-Oderland),52.5740000, 14.4930000
523,Lebus (Lkr. Märkisch-Oderland),52.4270000, 14.5320000
524,Ortwig (Lkr. Märkisch-Oderland),52.7040000, 14.3560000
525,Platkow (Lkr. Märkisch-Oderland),52.5840000, 14.3230000
526,Podelzig (Lkr. Märkisch-Oderland),52.4720000, 14.5350000
527,Reitwein (Lkr. Märkisch-Oderland),52.5010000, 14.5820000
528,Seelow (Lkr. Märkisch-Oderland),52.5340000, 14.3810000
529,Buckow (Lkr. Märkisch-Oderland),52.5660000, 14.0740000
530,Eggersdorf (Lkr. Märkisch-Oderland),52.4760000, 14.1040000
531,Müncheberg (Lkr. Märkisch-Oderland),52.5070000, 14.1370000
532,Prädikow (Lkr. Märkisch-Oderland),52.6300000, 14.0130000
533,Strausberg (Lkr. Märkisch-Oderland),52.5790000, 13.8870000
534,Alt Temmen (Lkr. Uckermark),53.0960000, 13.7560000
535,Flieth (Lkr. Uckermark),53.1620000, 13.8130000
536,Lychen (Lkr. Uckermark),53.2120000, 13.3150000
537,Suckow (Lkr. Uckermark),53.1590000, 13.8480000
538,Booßen (Stadt Frankfurt (Oder)),52.3710000, 14.4740000
539,Frankfurt (Oder),52.3470000, 14.5510000
540,Schwedt (Oder) (Lkr. Uckermark),53.0600000, 14.2820000
541,Krauschütz (Lkr. Elbe-Elster),51.4500000, 13.5330000
542,Lausitz (Lkr. Elbe-Elster),51.5130000, 13.3480000
543,Elsterwerda (Lkr. Elbe-Elster),51.4600000, 13.5200000
544,Altdöbern (Lkr. Oberspreewald-Lausitz),51.6500000, 14.0330000
545,Buchholz (Lkr. Oberspreewald-Lausitz),52.1100000, 13.7650000
546,Groß Lübbenau (Lkr. Landkreises Oberspreewald-Lausitz),51.8280000, 13.9820000
547,Werchow (Lkr. Oberspreewald-Lausitz),51.7260000, 13.9550000
548,Frauendorf (Lkr. Oberspreewald-Lausitz),51.4150000, 13.7700000
549,Kahren (Stadt Cottbus),51.7210000, 14.4150000
550,Kolkwitz (Lkr. Spree-Neiße),51.7500000, 14.2500000
551,Krieschow-Wiesendorf (Lkr. Spree-Neiße),51.7550000, 14.1490000
552,Müschen (Lkr. Spree-Neiße),51.8140000, 14.1330000
553,Cottbus,51.7580000, 14.3290000
554,Doberlug (Lkr. Elbe-Elster),51.6260000, 13.5620000
555,Finsterwalde (Lkr. Elbe-Elster),51.6340000, 13.7070000
556,Groß Briesnig (Lkr. Spree-Neiße),51.8010000, 14.6000000
557,Deulowitz (Lkr. Spree-Neiße),51.9480000, 14.6540000
558,Groß Drewitz (Lkr. Spree-Neiße),52.0030000, 14.5910000
559,Guben (Lkr. Spree-Neiße),51.9500000, 14.7140000
560,Hohenbucko (Lkr. Elbe-Elster),51.7670000, 13.4670000
561,Schlieben (Lkr. Elbe-Elster),51.7240000, 13.3830000
562,Dahme (Lkr. Teltow-Fläming),51.8700000, 13.4270000
563,Gehren (Lkr. Dahme-Spreewald),51.8050000, 13.6470000
564,Gießmannsdorf (Lkr. Dahme-Spreewald),51.8790000, 13.6950000
565,Liedekahle (Lkr. Teltow-Fläming),51.9100000, 13.5190000
566,Luckau (Lkr. Dahme-Spreewald),51.8520000, 13.7070000
567,Sagritz (Lkr. Dahme-Spreewald),51.9400000, 13.6220000
568,Byhleguhre (Lkr. Dahme-Spreewald),51.8790000, 14.1740000
569,Lübben (Lkr. Dahme-Spreewald),51.9380000, 13.8880000
570,Neu Zauche (Lkr. Dahme-Spreewald),51.9330000, 14.1000000
571,Dörrwalde (Lkr. Oberspreewald-Lausitz),51.5870000, 14.0620000
572,Lindenau (Lkr. Oberspreewald-Lausitz),52.8620000, 12.4120000
573,Berlin-Lützow,52.5166700, 13.2833300
574,Berlin-Kaulsdorf,52.5173200, 13.5887100
575,Berlin-Spindlersfeld,52.4499400, 13.5631600
576,Berlin-Friedrichshagen,52.4505200, 13.6246300
577,Berlin-Kreuzberg,52.5000000, 13.4030000
578,Berlin-Friedrichsfelde,52.5060000, 13.5080000
579,Berlin-Lichtenberg,52.5140000, 13.5000000
580,Berlin-Mahlsdorf,52.5090000, 13.6140000
581,Berlin-Mitte,52.5200000, 13.4050000
582,Berlin-Britz,52.4430000, 13.4340000
583,Berlin-Rixdorf,52.4770000, 13.4310000
584,Berlin-Blankenfelde,52.6190000, 13.3910000
585,Berlin-Niederschönhausen,52.5850000, 13.4030000
586,Berlin-Heiligensee,52.6140000, 13.2450000
587,Berlin-Hermsdorf,52.6110000, 13.3180000
588,Berlin-Lübars,52.6160000, 13.3540000
589,Berlin-Pichelsdorf,52.5130000, 13.1970000
590,Berlin-Spandau,52.5510000, 13.1990000
591,Berlin-Lichterfelde,52.4330000, 13.3080000
592,Berlin-Tempelhof,52.4670000, 13.4000000
593,Berlin-Tiergarten,52.5170000, 13.3670000
594,Berlin-Wedding,52.5470000, 13.3560000
595,Berlin-Malchow,52.5830000, 13.4830000
596,Berlin-Wannsee,52.4190000, 13.1550000
597,Berlin-Zehlendorf,52.4330000, 13.2500000
598,Althof (Lkr. Bad Doberan),54.0879900, 11.9280000
599,Blengow (Lkr. Bad Doberan),54.0930000, 11.6450000
620,Warnemünde (Stadt Rostock),54.1770000, 12.0840000
621,Stralsund (Lkr. Vorpommern-Rügen),54.3024200, 13.0928400
622,Gadebusch (Lkr. Nordwestmecklenburg),53.7010000, 11.1170000
623,Rehna (Lkr.- Nordwestmecklenburg),53.7833000, 11.0500000
624,Roggendorf (Lkr. Nordwestmecklenburg),53.7000000, 11.0167000
625,Vietlübbe (Lkr. Nordwestmecklenburg),53.7095500, 11.1985300
626,Lalendorf-Roggow (Lkr. Rostock),53.8014300, 12.4178400
627,Lübtheen (Lkr. Ludwigslust-Parchim),53.3136000, 11.0766000
628,Wittenburg (Lkr. Ludwigslust-Parchim),53.5199000, 11.0761000
629,Bresegard bei Eldena (Lkr. Ludwigslust-Parchim),53.2471000, 11.3693000
630,Kremmin (Lkr. Ludwigslust-Parchim),53.2500000, 11.6000000
631,Lanz (Lkr. Prignitz),53.7090000, 12.0110000
632,Ludwigslust (Lkr. Ludwigslust-Parchim),53.3290000, 11.4970000
633,Hof Hagen (Lkr. Ludwigslust-Parchim),53.5660000, 12.0400000
634,Penzlin (Lkr. Ludwigslust-Parchim),53.5230000, 12.1640000
635,Herzfeld (Lkr. Ludwigslust-Parchim),53.3242600, 11.7649700
636,Slate (Lkr. Ludwigslust-Parchim),53.3967400, 11.8530500
637,Hof Wandrum (Lkr. Ludwigslust-Parchim),53.6452500, 11.2925700
638,Plate (Lkr. Ludwigslust-Parchim),53.5510000, 11.5090000
639,Brüel (Lkr. Ludwigslust-Parchim),53.7370000, 11.7359000
640,Dannhusen (Lkr. Ludwigslust-Parchim),53.6504100, 11.7812500
641,Friedrichswalde (Lkr. Ludwigslust-Parchim),53.7667100, 11.7510100
642,Schwerin (Landeshauptstadt),53.6312900, 11.4091800
643,Altentreptow (Lkr. Mecklenburgische Seenplatte),53.6927000, 13.2562000
644,Anklam (Lkr. Vorpommern-Greifswald),53.8466000, 13.7083000
645,Putzar (Lkr. Vorpommern-Greifswald),53.7161100, 13.6555000
646,Demmin (Lkr. Mecklenburgische Seenplatte),53.9076200, 13.0314200
647,Rustow (Lkr. Vorpommern-Greifswald),53.9586100, 13.0831700
648,Stavenhagen (Lkr. Mecklenburgische Seenplatte),53.7000000, 12.9000000
649,Genzkow (Lkr. Mecklenburgische Seenplatte),53.6272200, 13.4995000
650,Lübbersdorf (Lkr. Mecklenburgische Seenplatte),53.6466200, 13.6043900
651,Sadelkow (Lkr. Mecklenburgische Seenplatte),53.6052300, 13.4524600
652,Teschendorf (Lkr. Mecklenburgische Seenplatte),53.4577800, 13.3577500
653,Hartwigshof (Lkr. Mecklenburgische Seenplatte),53.4550000, 12.9970000
654,Neu Gaarz (Lkr. Mecklenburgische Seenplatte),53.2999000, 12.7060300
655,Quadenschönfeld (Lkr. Mecklenburgische Seenplatte),53.4220900, 13.3526300
656,"Schwarzenhof, Forst (Lkr. Mecklenburgische Seenplatte)",53.4634800, 12.7983800
657,Starsow (Lkr. Mecklenburgische Seenplatte),53.2625400, 12.7855100
658,Userin (Lkr. Mecklenburgische Seenplatte),53.3333000, 12.9833000
659,Damm (Lkr. Vorpommern-Greifswald),53.5512000, 14.1239600
660,Grünz (Lkr. Vorpommern-Greifswald),53.2826600, 14.1331400
661,Viereck (Lkr. Vorpommern-Greifswald),53.5500000, 14.0500000
662,Löcknitz (Lkr. Vorpommern-Greifswald),53.4648800, 14.2107400
663,Pasewalk (Lkr. Vorpommern-Greifswald),53.5163500, 13.9954500
664,Penkun (Lkr. Vorpommern-Greifswald),53.3000000, 14.2500000
665,Schwennenz (Lkr. Nordwestmecklenburg),53.3997100, 14.3560400
666,Röbel (Lkr. Mecklenburgische Seenplatte),53.3755500, 12.6037200
667,Grauenhagen (Lkr. Mecklenburgische Seenplatte),53.4057300, 13.5380000
668,Teterow (Lkr. Rostock),53.7833000, 12.5667000
669,Groß Varchow (Lkr. Mecklenburgische Seenplatte),53.5769700, 12.9370100
670,Penzlin (Lkr. Mecklenburgische Seenplatte),53.5000000, 13.0833000
671,Neubrandenburg (Lkr. Mecklenburgischen Seenplatte),53.5640000, 13.2750000
672,Auritz (Lkr. Bautzen),51.1713600, 14.4676000
673,Bautzen,51.1803500, 14.4349400
674,Breitendorf (Lkr. Bautzen),51.1407700, 14.6256700
675,Gleina (Burgenlandkreis),51.2667000, 11.7333000
676,Guttau (Lkr. Bautzen),51.2590400, 14.5613200
677,Holscha (Lkr. Bautzen),51.2682900, 14.3458700
679,Kleinsaubernitz (Lkr. Bautzen),51.2646500, 14.6047800
680,Königswartha (Lkr. Bautzen),51.3167000, 14.3333000
681,Nadelwitz (Lkr. Bautzen),51.1766700, 14.4560300
682,Preititz (Lkr. Bautzen),51.2217600, 14.5448100
683,Preuschwitz (Lkr. Bautzen),51.1583200, 14.4087200
684,Radeberg (Lkr. Bautzen),51.1201500, 13.9154500
685,Radebeul (Lkr. Meißen),51.1062000, 13.6514500
686,Radeburg (Lkr. Meißen),51.2139000, 13.7320000
687,Steinbach (Ot. von Dresden),51.0451300, 13.6036100
688,Großopitz (Lkr. Sächsische Schweiz-Osterzgebirge),50.9981100, 13.5900400
689,Tharandt (Lkr. Sächsische Schweiz-Osterzgebirge),50.9791000, 13.5236000
690,Wurgwitz (Lkr. Sächsische Schweiz-Osterzgebirge),50.9968000, 13.6499300
691,Berzdorf (Lkr. Görlitz),51.0667000, 14.9000000
692,Königshain (Lkr. Görlitz),51.1833000, 14.8667000
693,Mengelsdorf (Lkr. Görlitz),51.1559900, 14.8097400
694,Ober Neundorf (Lkr. Görlitz),51.2183400, 15.0041600
695,Großenhain (Lkr. Meißen),51.2833000, 13.5500000
696,Kmehlen,51.2280000, 13.4860000
697,Kottewitz (Lkr. Meißen),51.2492900, 13.5247200
698,Nauleis (Lkr. Meißen),51.2490100, 13.5822200
699,Piskowitz (Lkr. Meißen),51.2500000, 13.5170000
700,Skäßchen (Lkr. Meißen),51.3388000, 13.5854300
701,Zabeltitz (Lkr. Meißen),51.3514700, 13.5046200
702,Hoyerswerda (Lkr. Bautzen),51.4378100, 14.2491900
703,Knappenrode (Lkr. Bautzen),51.4033300, 14.3201600
704,Tätzschwitz (Lkr. Bautzen),51.4858900, 14.1075500
705,Schwepnitz (Lkr. Bautzen),51.3333000, 13.9667000
706,Bernstadt (Lkr. Görlitz),51.0500000, 14.8500000
707,Bischdorf (Lkr. Görlitz),51.1019900, 14.7403700
708,Herwigsdorf (Lkr. Görlitz),51.0726700, 14.7281900
709,Lawalde (Lkr. Görlitz),51.0833000, 14.6000000
710,Löbau (Lkr. Görlitz),51.0832000, 14.6590000
711,Lommatzsch (Lkr. Meißen),51.2000000, 13.3000000
712,Sörnewitz (Lkr. Meißen),51.1371900, 13.5209500
713,Attendorf-Seifersdorf (Lkr. Görlitz),51.2191900, 14.7774500
714,Diehsa (Lkr. Görlitz),51.2447600, 14.7663000
715,Torga (Lkr. Görlitz),51.2333000, 14.8833000
716,Pirna (Lkr. Sächsische Schweiz-Osterzgebirge),50.9507000, 13.9288600
717,Stauchitz (Lkr. Meißen),51.2500000, 13.2167000
718,Stösitz (Lkr. Meißen),51.2546300, 13.2358200
719,Zeithain (Lkr. Meißen),51.3333000, 13.3500000
720,Hartau (Lkr. Görlitz),50.8532900, 14.8053600
721,Oybin (Lkr. Görlitz),50.8500000, 14.7500000
722,Zittau (Lkr. Görlitz),50.9078000, 14.8011000
723,Dresden,51.0500000, 13.7500000
724,Coschütz (Ot. von Dresden),51.0333300, 13.7000000
725,Cotta (Ot. Dresden),51.0553700, 13.6843200
726,Friedrichstadt (Ot. von Dresden),51.0500000, 13.7333300
727,Hellerau (Ot. von Dresden),51.1166700, 13.7500000
728,Leubnitz (Ot. von Dresden),51.0138600, 13.7664500
729,Neugruna (Ot. von Dresden),51.0530500, 13.7983100
730,Neuseidnitz (Ot. von Dresden),51.0270000, 13.8050000
731,Dresden-Neustadt,51.0685900, 13.7559100
732,Striesen (Ot. von Dresden),51.0480900, 13.7897300
733,Görlitz (Kreisstadt),51.1551800, 14.9885300
734,Zauschwitz (Lkr. Leipzig),51.1795600, 12.2664600
735,Glesien (Lkr. Nordsachsen),51.4448200, 12.2251500
736,Wiedemar (Lkr. Nordsachsen),51.4667000, 12.2000000
737,Delmschütz (Lkr. Döbeln),51.2113700, 13.1258000
738,Döbeln (Lkr. Döbeln),51.1209000, 13.1209000
739,Tronitz (Lkr. Mittelsachsen),51.1717200, 13.0647200
740,Eilenburg (Lkr. Eilenburg),51.4650000, 12.6612000
741,Kaditzsch (Lkr. Leipzig),51.2196500, 12.7635500
742,Threna (Lkr. Leipzig),51.2562500, 12.5378200
743,Großdalzig (Lkr. Leipzig),51.2066100, 12.2731400
744,Mölkau (Stadtteil von Leipzig),51.3317900, 12.4416700
745,Papitz (Lkr. Nordsachsen),51.3878800, 12.2493900
746,Quesitz (Lkr. Leipzig),51.2904300, 12.2065800
747,Räpitz (Lkr. Leipzig),51.2586400, 12.2137100
748,Raschwitz (Lkr. Leipzig),51.2614700, 12.3707700
749,Schkölen (Lkr. Leipzig),51.0333000, 11.8167000
750,Taucha (Lkr. Nordsachsen),51.3751000, 12.4803500
751,Wehlitz (Lkr. Nordsachsen),51.3909600, 12.1925900
752,"Wiederitzsch, Ot. von Leipzig",51.3975000, 12.3727200
753,Zwenkau (Lkr. Leipzig),51.2172000, 12.3144000
754,Ockritz (Lkr. Nordsachsen),51.2442000, 13.0809800
755,Oschatz (Lkr. Nordsachsen),51.3000000, 13.1167000
756,Torgau (Lkr. Nordsachsen),51.5582000, 12.9699000
757,Dehnitz (Lkr. Leipzig),51.3501300, 12.7343600
758,Polenz (Lkr. Leipzig),51.3197800, 12.6435500
759,Leipzig,51.3419800, 12.3749800
760,Connewitz,51.3078500, 12.3761000
761,Dölitz (Stadtteil von Leipzig),51.2868200, 12.3990900
762,Knauthain (Stadtteil von Leipzig),51.2700100, 12.3018300
763,Möckern (Stadtteil von Leipzig),51.3699800, 12.3482700
764,Stünz,51.3384100, 12.4333500
765,Thonberg,51.2518400, 14.1381500
766,Eibenstock (Lkr. Erzgebirgskreis),50.4942000, 12.5993000
767,Pfaffengrün (Lkr. Vogtlandkreis),50.5612900, 12.2761400
768,Marienberg (Lkr. Erzgebirgskreis),50.6132000, 13.1883000
769,Rebersreuth,50.3488300, 12.2268400
770,Gospersgrün (Lkr. Zwickau),50.6838300, 12.3775900
771,Plauen (Lkr. Vogtlandkreis),50.4941900, 12.1353100
772,Barmbek,53.5770000, 10.0420000
773,Bergedorf,53.4850000, 10.2290000
774,Blankenese,53.5570000, 9.8060000
775,Eilbeck,53.5670000, 10.0500000
776,Eppendorf,53.5830000, 9.9670000
777,Hausbruch,53.4670000, 9.9000000
778,Kirchsteinbek,53.5330000, 10.1330000
779,Kirchwerder,53.4200000, 10.2020000
780,Lokstedt,53.6030000, 9.9560000
781,Ochsenwerder,53.4760000, 10.1010000
782,Ohlsdorf,53.6260000, 10.0310000
783,Rahlstedt,53.6020000, 10.1570000
784,Schiffbek,53.5330000, 10.1170000
785,Flensburg,54.7840000, 9.4400000
786,Düsternbrook,54.3340000, 10.1510000
787,Schreventeich (Stadt Kiel),54.3330000, 10.1000000
788,Hassee (Stadt Kiel),54.3030000, 10.1090000
789,Israelsdorf (Stadt Lübeck),53.9010000, 10.7450000
790,Neumünster,54.0724800, 9.9827800
791,Albersdorf (Lkr. Dithmarschen),54.1360000, 10.9280000
792,Dellstedt (Lkr. Dithmarschen),54.2330000, 9.3670000
793,Eddelak (Lkr. Dithmarschen),53.9500000, 9.1500000
794,Epenwöhrden (Lkr. Dithmarschen),54.1170000, 9.0500000
795,Fedderingen (Lkr. Dithmarschen),54.2830000, 9.1330000
796,Friedrichskoog (Lkr. Dithmarschen),54.0170000, 8.9170000
797,Heide (Stadt) (Lkr. Dithmarschen),54.1913300, 9.1041000
798,Meldorf (Lkr. Dithmarschen),54.0920000, 9.0690000
799,Nordhastedt (Lkr. Dithmarschen),54.1670000, 9.1830000
800,Hopen,53.9900000, 9.1360000
801,Schafstedt (Lkr. Dithmarschen),54.0830000, 9.3000000
802,Lkr. Dithmarschen,54.2120000, 8.9240000
803,Grünhof-Tesperhude (Lkr. Herzogtum Lauenburg),53.4070000, 10.4320000
804,Giesensdorf (Lkr. Herzogtum Lauenburg),53.6830000, 10.7000000
805,Müssen (Lkr. Herzogtum Lauenburg),53.4920000, 10.5640000
806,Ratzeburg (Lkr. Herzogtum Lauenburg),53.6950000, 10.7910000
807,Sandesneben (Lkr. Herzogtum Lauenburg),53.6830000, 10.5000000
808,Husum (Lkr. Nordfriesland),54.4860000, 9.0520000
809,Nebel (Lkr. Nordfriesland),54.6510000, 8.3540000
810,Niebüll (Lkr. Nordfriesland),54.7870000, 8.8290000
811,Ostenfeld (Lkr. Nordfriesland),54.4640000, 9.2340000
812,Süderoog (Lkr. Nordfriesland),54.4620000, 8.5520000
813,Rantrum (Lkr. Nordfriesland),54.4330000, 9.1170000
814,Archsum (Lkr. Nordfriesland),54.8730000, 8.3920000
815,Tating (Lkr. Nordfriesland),54.3330000, 8.7170000
816,Tinnum (Lkr. Nordfriesland),54.8990000, 8.3350000
817,Viöl (Lkr. Nordfriesland),54.5670000, 9.1830000
818,Wyk auf Föhr (Lkr. Nordfriesland),54.6910000, 8.5670000
819,Bosau (Lkr. Ostholstein),54.1170000, 10.4330000
820,Fehmarn (Lkr. Ostholstein),54.4330000, 11.2000000
821,Göhl (Lkr. Ostholstein),54.2840000, 10.9400000
822,Grube (Lkr. Ostholstein),54.2330000, 11.0330000
823,Heiligenhafen (Lkr. Ostholstein),54.3700000, 10.9800000
824,Malente (Lkr. Ostholstein),54.1720000, 10.5600000
825,Kleinwessek (Oldenburg in Holstein),54.3040000, 10.8300000
826,Ratekau (Lkr. Ostholstein),53.9500000, 10.7330000
827,Malkendorf (Lkr. Ostholstein),53.9680000, 10.6560000
828,Tornesch (Lkr. Pinneberg),53.7000000, 9.7170000
829,Wedel (Lkr. Pinneberg),53.5840000, 9.6980000
830,Ascheberg (Lkr. Plön),54.1500000, 10.3460000
831,Lindau (Lkr. Plön),52.0380000, 12.1080000
832,Oberkleveez (Lkr. Plön),54.1510000, 10.5020000
833,Engelau (Lkr. Plön),54.2600000, 10.5430000
834,Kalübbe (Lkr. Plön),54.1170000, 10.2830000
835,Kletkamp (Lkr. Plön),54.2500000, 10.6330000
836,Bellin (Lkr. Plön),54.2800000, 10.4720000
837,Lütjenburg (Lkr. Plön),54.2920000, 10.5890000
838,Plön (Lkr. Plön),54.1620000, 10.4230000
839,Eckernförde (Lkr. Rendsburg-Eckernförde),54.4690000, 9.8380000
840,Felm (Lkr. Rendsburg-Eckernförde),54.4170000, 10.0500000
841,Gettorf (Lkr. Rendsburg-Eckernförde),54.4000000, 9.9830000
842,Melsdorf (Lkr. Rendsburg-Eckernförde),54.3170000, 10.0330000
843,Rendsburg (Lkr. Rendsburg-Eckernförde),54.3070000, 9.6630000
844,Todenbüttel (Lkr. Rendsburg-Eckernförde),54.1330000, 9.5500000
845,Waabs-Langholz (Lkr. Rendsburg-Eckernförde),54.5160000, 9.9830000
846,Haithabu (Lkr. Schleswig-Flensburg),54.4910000, 9.5650000
847,Dörpstedt (Lkr. Schleswig-Flensburg),54.1270000, 9.5900000
848,Freienwill (Lkr. Schleswig-Flensburg),54.7330000, 9.5000000
849,Glücksburg (Lkr. Schleswig-Flensburg),54.8350000, 9.5490000
850,Handewitt (Lkr. Schleswig-Flensburg),54.7670000, 9.3330000
851,Schwackendorf (Lkr. Schleswig-Flensburg),54.7090000, 9.9370000
852,Kappeln (Lkr. Schleswig-Flensburg),54.6610000, 9.9310000
853,Pommerby (Lkr. Schleswig-Flensburg),54.5660000, 9.9560000
854,Quern (Lkr. Schleswig-Flensburg),54.7500000, 9.7170000
855,Rabenkirchen-Faulück (Lkr. Schleswig-Flensburg),54.6330000, 9.8500000
856,Satrup (Lkr. Schleswig-Flensburg),54.6920000, 9.6050000
857,Schleswig (Lkr. Schleswig-Flensburg),54.5220000, 9.5590000
858,Schuby (Lkr. Schleswig-Flensburg),54.5170000, 9.4830000
859,Süderbrarup (Lkr. Schleswig-Flensburg),54.6330000, 9.7830000
860,Thorsberger Moor (Lkr. Schleswig-Flensburg),54.6420000, 9.7720000
861,Tarp (Lkr. Schleswig-Flensburg),54.6670000, 9.4000000
862,Bad Bramstedt (Lkr. Segeberg),53.9180000, 9.8840000
863,Boostedt (Lkr. Segeberg),54.0170000, 10.0330000
864,Nahe (Lkr. Segeberg),53.8000000, 10.1330000
865,Stipsdorf (Lkr. Segeberg),53.9500000, 10.3330000
866,Tensfeld (Lkr. Segeberg),54.0500000, 10.3170000
867,Wakendorf II (Lkr. Segeberg),53.7850000, 10.0840000
868,Glückstadt (Lkr. Steinburg),53.7890000, 9.4260000
869,Hodorf (Lkr. Steinburg),53.9010000, 9.4300000
870,Eversdorf (Lkr. Altmarkkreises Salzwedel),53.9870000, 9.4780000
871,Pöschendorf (Lkr. Steinburg),54.0370000, 9.4880000
872,Bad Oldesloe (Lkr. Stormarn),53.8120000, 10.3740000
873,Treuholz (Lkr. Stormarn),53.7740000, 10.4400000
874,Todendorf (Lkr. Stormarn),53.7000000, 10.3500000
875,Alte Neustadt (Stadt Bremen),53.0730000, 8.7990000
876,Hastedt,53.0640000, 8.8610000
877,Lesumbrok,53.1500000, 8.6500000
878,Rekum,53.2200000, 8.5090000
879,Schwachhausen,53.0860000, 8.8490000
880,Seehausen (Bremen),53.1110000, 8.7080000
881,Walle,53.1050000, 8.7870000
882,Bremerhaven,53.5500000, 8.5770000
883,Bochum,51.4820000, 7.2160000
884,Harpen,51.4980000, 7.2880000
885,Dortmund,51.5150000, 7.4660000
886,Asseln,51.5280000, 7.5890000
887,Brackel,51.5298140, 7.5828200
888,Dorstfeld,51.5010000, 7.4110000
889,Grevel,51.5630000, 7.5510000
890,Kirchderne,51.5530000, 7.5090000
891,Lütgendortmund,51.4990000, 7.3480000
892,Marten,51.5130000, 7.3770000
893,Mengede,51.5724600, 7.3839200
894,Oespel,51.4860000, 7.3830000
895,Sölde,51.4970000, 7.5880000
896,Syburg,51.4250000, 7.4890000
897,Wellinghofen,51.4690000, 7.4900000
898,Wickede,51.4960000, 7.8660000
899,Dahl,51.3050000, 7.5320000
900,Hohenlimburg,51.3470800, 7.5752600
901,Vorhalle,51.3830000, 7.4350000
902,Hamm,51.6800000, 7.8210000
903,Herne,51.5390000, 7.2260000
904,Eickel,51.5180000, 7.1760000
905,Breckerfeld,51.2590000, 7.4680000
906,Gevelsberg,51.3200000, 7.3390000
907,Hattingen,51.3990000, 7.1860000
908,Herdecke,51.4000000, 7.4360000
909,Rüdinghausen,51.4500000, 7.4010000
910,Stockum,51.4170000, 7.2500000
911,Arnsberg,51.3830000, 8.0830000
912,Holzen,51.4180000, 7.9160000
913,Brilon,51.3950000, 8.5710000
914,Marsberg,51.4620000, 8.8490000
915,Erlinghausen,51.4410000, 8.8970000
916,Niedermarsberg,51.4690000, 8.8610000
917,Obermarsberg,51.4500000, 8.8530000
918,Oesdorf,51.5060000, 8.8760000
919,Westheim,51.4960000, 8.9090000
920,Medebach,51.1970000, 8.7060000
921,Eversberg,51.3500000, 8.2830000
922,Laer,51.3480000, 8.2570000
923,Bigge,51.3550000, 8.4710000
924,Bad Fredeburg,51.1890000, 8.3100000
925,Altena,51.2950000, 7.6730000
926,Garbeck,51.3190000, 7.8300000
927,Hemer,51.3870000, 7.7700000
928,Lüdenscheid,51.2200000, 7.6270000
929,Menden,51.4430000, 7.7780000
930,Meggen,51.1260000, 8.0700000
931,Burbach,50.7500000, 8.0830000
932,Siegen,50.8750000, 8.0240000
933,Bettinghausen,51.6230000, 8.1970000
934,Elfsen,51.5460000, 8.1560000
935,Bilme,51.5150000, 8.0150000
936,Bremen (Lkr. Soest),51.5040000, 7.9580000
937,Erwitte,51.6130000, 8.3380000
938,Bad Westernkotten,51.6320000, 8.3630000
939,Geseke,51.6410000, 8.5110000
940,Lippborg,51.6640000, 8.0420000
941,Lippstadt,51.6740000, 8.3450000
942,Benninghausen,51.6530000, 8.2450000
943,Cappel,51.6810000, 8.3060000
944,Berlingsen,51.5140000, 8.1380000
945,Wamel,51.4940000, 8.1870000
946,Rüthen,51.4910000, 8.4360000
947,Kneblinghausen,51.5000000, 8.5060000
948,Soest,51.5760000, 8.1060000
949,Ampen,51.5530000, 8.0530000
950,Müllingsen,51.5420000, 8.1390000
951,Ostönnen,51.5480000, 8.0010000
952,Warstein,51.4450000, 8.3490000
953,Allagen,51.4800000, 8.2530000
954,Belecke,51.4810000, 8.3320000
955,Sichtigvor,51.4850000, 8.2770000
956,Schwefe,51.5800000, 8.0350000
957,Werl,51.5550000, 7.9140000
958,Budberg,51.5650000, 7.8770000
959,Sönnern,51.5780000, 7.8990000
960,Schlückingen,51.5190000, 7.8650000
961,Waltringen,51.5060000, 7.9210000
963,Fröndenberg,51.4760000, 7.7690000
964,Bentrop,51.4940000, 7.8260000
965,Dellwig,51.4780000, 7.6920000
966,Kamen,51.5920000, 7.6640000
967,Westick,51.5750000, 7.6270000
968,Beckinghausen,51.6170000, 7.5590000
969,Schwerte,51.4440000, 7.5680000
970,Westhofen,51.4230000, 7.5330000
971,Bork,51.6670000, 7.5000000
972,Unna,51.5380000, 7.6900000
973,Hemmerde,51.5480000, 7.8120000
974,Lünern,51.5480000, 7.7620000
975,Massen,51.5330000, 7.6500000
976,Mühlhausen,51.5440000, 7.7370000
977,Werne,51.6640000, 7.6340000
978,Bielefeld,52.0330000, 8.5330000
979,Babenhausen,52.0600000, 8.4910000
980,Brackwede,51.9900000, 8.5070000
981,Brake,52.0690000, 8.5960000
982,Dornberg,52.0440000, 8.4840000
983,Gadderbaum,52.0020000, 8.5170000
984,Heepen,52.0320000, 8.6050000
985,Quelle,51.9970000, 8.4850000
986,Gütersloh,51.9070000, 8.3790000
987,Isselhorst,51.9460000, 8.4090000
988,Niehorst,51.9490000, 8.3490000
989,Oldendorf,52.0640000, 8.3430000
990,Künsebeck,52.0380000, 8.3820000
991,Langenberg,51.3500000, 7.1190000
992,Batenhorst,51.8040000, 8.2980000
993,Wiedenbrück,51.8350000, 8.3110000
994,Rietberg,51.8090000, 8.4280000
995,Bokel,51.8020000, 8.3770000
996,Werther,52.0780000, 8.4180000
997,Bustedt,52.1700000, 8.5970000
998,Holsen,52.2050000, 8.5180000
999,Spradow,52.2090000, 8.6030000
1000,Enger,52.1410000, 8.5580000
1001,Belke-Steinbeck,52.1500000, 8.5670000
1002,Siele,52.1640000, 8.5490000
1003,Südlengern,52.1930000, 8.6380000
1004,Mennighüffen,52.2170000, 8.7000000
1005,Vlotho,52.1650000, 8.8600000
1006,Uffeln,52.1750000, 8.8780000
1007,Bad Driburg,51.7330000, 9.0200000
1008,Pömbsen,51.7750000, 9.0710000
1009,Herstelle,51.6420000, 9.4180000
1010,Borgentreich,51.5690000, 9.2410000
1011,Bühne,51.5720000, 9.3100000
1012,Körbecke,51.5340000, 9.2810000
1013,Rösebeck,51.5220000, 9.2490000
1014,Brakel,51.7180000, 9.1860000
1015,Höxter,51.7750000, 9.3820000
1016,Altenbergen,51.7940000, 9.2440000
1017,Vörden,51.8200000, 9.2310000
1018,Nieheim,51.8050000, 9.1130000
1019,Himmighausen,51.8130000, 9.0240000
1020,Steinheim,51.8710000, 9.0910000
1021,Warburg,51.4900000, 9.1460000
1022,Dössel,51.5220000, 9.1660000
1023,Germete,51.4840000, 9.1020000
1024,Menne,51.5220000, 9.1200000
1025,Ossendorf,51.5100000, 9.0870000
1026,Scherfede,51.5290000, 9.0280000
1027,Welda,51.4520000, 9.1090000
1028,Wormeln,51.4730000, 9.1320000
1029,Altenheerse,51.6500000, 9.0490000
1030,Augustdorf,51.9090000, 8.7320000
1031,Bad Salzuflen,52.0860000, 8.7440000
1032,Grastrup-Hölsen,52.0520000, 8.7870000
1033,Lockhausen,52.0640000, 8.6830000
1034,Schötmar,52.0700000, 8.7540000
1035,Wüsten,52.1020000, 8.7890000
1036,Barntrup,51.9900000, 9.1160000
1037,Eschenbruch,51.9610000, 9.1720000
1038,Detmold,51.9390000, 8.8730000
1039,Berlebeck,51.8920000, 8.8750000
1040,Heidenoldendorf,51.9380000, 8.8450000
1041,Heiligenkirchen,51.9080000, 8.8750000
1042,Hiddesen,51.9230000, 8.8430000
1043,Hornoldendorf,51.8920000, 8.9020000
1044,Pivitsheide,51.9500000, 8.7830000
1045,Hillentrup,52.0490000, 8.9960000
1046,Göstrup,52.0930000, 9.0410000
1047,Horn-Bad Meinberg,51.8860000, 8.9620000
1048,Holzhausen-Externsteine,51.8770000, 8.9040000
1049,Hohenhausen,52.1070000, 8.9440000
1050,Varenholz,52.1720000, 8.9880000
1051,Hörste,51.9450000, 8.7530000
1052,Lieme,52.0260000, 8.8280000
1053,Lügde,51.9580000, 9.2470000
1054,Oerlinghausen,51.9550000, 8.6620000
1055,Schieder,51.9140000, 9.1530000
1056,Schlangen,51.8100000, 8.8460000
1057,Oesterholz,51.8360000, 8.8390000
1058,Bad Oeynhausen,52.2070000, 8.8040000
1059,Eidinghausen,52.2240000, 8.7980000
1060,Rehme,52.2120000, 8.8250000
1061,Werste,52.2190000, 8.7780000
1062,Lübbecke,52.3070000, 8.6140000
1063,Blasheim,52.3040000, 8.5680000
1064,Obermehnen,52.2890000, 8.5750000
1065,Minden,52.2900000, 8.9150000
1066,Dankersen,52.2930000, 8.9600000
1067,Frille,52.3750000, 8.9650000
1068,Ovenstädt,52.4030000, 8.9400000
1069,Barkhausen,52.2530000, 8.9090000
1070,Hausberge,52.2360000, 8.9220000
1071,Holtrup,52.2040000, 8.8710000
1072,Holzhausen,52.2280000, 8.9040000
1073,Preußisch Oldendorf,52.3060000, 8.4930000
1074,Holzhausen (Preußisch Oldendorf),52.2900000, 8.5400000
1075,Lashorst,52.3430000, 8.5100000
1076,Rahden,52.4340000, 8.6130000
1077,Tonnenheide,52.4130000, 8.6710000
1078,Dielingen,52.4440000, 8.3460000
1079,Westrup,52.4290000, 8.4460000
1080,Altenbeken,51.7650000, 8.9420000
1081,Bad Lippspringe,51.7830000, 8.8170000
1082,Büren,51.5510000, 8.5600000
1083,Ahden,51.6020000, 8.6230000
1084,Brenken,51.5820000, 8.5910000
1085,Wewelsburg,51.6060000, 8.6530000
1086,Delbrück,51.7650000, 8.5620000
1087,Boke,51.7310000, 8.5600000
1088,Hövelhof,51.8170000, 8.6500000
1089,Atteln,51.5950000, 8.8000000
1090,Blankenrode,51.5390000, 8.9090000
1091,Dalheim,51.5560000, 8.8320000
1092,Grundsteinheim,51.6540000, 8.8760000
1093,Paderborn,51.7190000, 8.7540000
1094,Benhausen,51.7410000, 8.8260000
1095,Elsen,51.7330000, 8.6860000
1096,Neuenbeken,51.7470000, 8.8480000
1097,Sande,51.7580000, 8.6600000
1098,Schloss Neuhaus,51.7470000, 8.7150000
1099,Westenholz,51.7530000, 8.4690000
1100,Salzkotten,51.6720000, 8.6010000
1101,Klein Verne,51.6830000, 8.5900000
1102,Verlar,51.6870000, 8.4920000
1103,Bleiwäsche,51.4710000, 8.7040000
1104,Fürstenberg,51.5160000, 8.7420000
1105,Haaren,51.5690000, 8.7260000
1106,Bottrop,51.5240000, 6.9290000
1107,Gelsenkirchen,51.5080000, 7.1230000
1108,Buer,51.6000000, 7.0500000
1109,Erle,51.5580000, 7.0860000
1110,Münster-Nord,51.9597300, 7.6313700
1111,"Gelmer, Münster-Ost",52.0280000, 7.6760000
1113,Bocholt,51.8390000, 6.6150000
1114,Borken,51.8440000, 6.8580000
1115,Gemenkrückling,51.8590000, 6.8650000
1116,Gronau,52.2110000, 7.0220000
1117,Epe,52.1830000, 7.0410000
1118,Wehr,52.0540000, 7.0830000
1119,Groß Reken,51.8300000, 7.0450000
1120,Krommert,51.8350000, 6.6960000
1121,Vardingholt,51.8670000, 6.6830000
1122,Stadtlohn,51.9940000, 6.9190000
1123,Velen,51.9000000, 6.9830000
1124,Ramsdorf,51.8870000, 6.9180000
1125,Vreden,52.0380000, 6.8280000
1126,Billerbeck,51.9780000, 7.2930000
1127,Coesfeld,51.9430000, 7.1680000
1128,Gaupel,51.9670000, 7.1880000
1129,Lette,51.8940000, 7.1850000
1130,Dülmen,51.8310000, 7.2810000
1131,Empte,51.8780000, 7.2980000
1132,Merfeld,51.8480000, 7.2030000
1133,Leversum,51.7730000, 7.3580000
1134,Reckelsum,51.7480000, 7.3640000
1135,Nottuln,51.9330000, 7.3500000
1136,Sülsen,51.7080000, 7.3790000
1137,Vinnum,51.6780000, 7.4090000
1138,Holtwick,52.0070000, 7.1300000
1139,Osterwick,52.0190000, 7.2110000
1140,Castrop-Rauxel,51.5570000, 7.3120000
1141,Castrop Rauxel Zeche Erin,51.5470000, 7.3050000
1142,Pöppinghausen,51.5800000, 7.2670000
1143,Datteln,51.6670000, 7.3830000
1144,Dorsten,51.6620000, 6.9650000
1145,Holsterhausen,51.6820000, 6.9550000
1146,Lembeck,51.7430000, 7.0000000
1147,Gladbeck,51.5710000, 6.9860000
1148,Antrup,51.7290000, 7.2760000
1149,Berghaltern,51.7340000, 7.1620000
1150,Lavesum,51.7790000, 7.1620000
1151,Stockwiese,51.7630000, 7.2210000
1152,Herten,51.5960000, 7.1440000
1153,Oer-Erkenschwick,51.6420000, 7.2650000
1154,Recklinghausen,51.6140000, 7.1970000
1155,Waltrop,51.6210000, 7.4020000
1156,Lippe,51.6440000, 7.4320000
1157,Isendorf,52.1940000, 7.5210000
1158,Lengerich (Lkr. Steinfurt),52.1849000, 7.8575000
1159,Wechte,52.2030000, 7.7770000
1160,Metelen,52.1440000, 7.2130000
1161,Scheddebrock,52.1150000, 7.4560000
1162,Ochtrup,52.2080000, 7.1900000
1163,Rheine,52.2850000, 7.4410000
1164,Burgsteinfurt,52.1480000, 7.3330000
1165,Tecklenburg,52.2200000, 7.8140000
1166,Westerkappeln,52.3170000, 7.8830000
1167,Beckum,51.7560000, 8.0410000
1168,Hörster,51.9180000, 8.0860000
1169,Stromberg,51.8040000, 8.2010000
1170,Füchtorf,52.0500000, 8.0300000
1171,Telgte,51.9800000, 7.7830000
1172,Freckenhorst,51.9210000, 7.9660000
1173,Vinnenberg,51.9510000, 7.9880000
1174,Suderlage,51.6830000, 8.2830000
1175,Delmenhorst,53.0510000, 8.6310000
1176,Dwoberg,53.0500000, 8.6000000
1177,Borßum,53.3430000, 7.2280000
1178,Oldenburg,53.1410000, 8.2150000
1179,Osnabrück,52.2730000, 8.0500000
1180,Moorburg,53.2890000, 7.8960000
1181,Westersted,53.2570000, 7.9270000
1182,Absen,53.4020000, 8.4520000
1183,Gristede,53.2250000, 8.0550000
1184,Tannenhausen,53.5150000, 7.4730000
1185,Hage,53.6078500, 7.2988300
1186,Halbemond,53.5670000, 7.2830000
1187,Hauen,53.4980000, 7.0670000
1188,Norden,53.5960000, 7.2060000
1189,Rechtsupweg,53.5330000, 7.3330000
1190,Cloppenburg,52.8480000, 8.0450000
1191,Altenoythe,53.0340000, 7.8780000
1192,Thüle,52.9610000, 7.9160000
1193,Lindern,52.8440000, 7.7790000
1194,Marren,52.8220000, 7.7820000
1195,Altenbrunnen,52.7370000, 7.7580000
1196,Benstrup,52.7790000, 7.7950000
1197,Emsbüren,52.4000000, 7.3000000
1198,Helschen,52.4080000, 7.3420000
1199,Listrup,52.3870000, 7.3560000
1200,Groß-Hesepe,52.6260000, 7.2330000
1201,Rütenbrock,52.8390000, 7.1020000
1202,Herzlake,52.7000000, 7.6000000
1203,Bokeloh,52.7000000, 7.3470000
1204,Niederlangen,52.8500000, 7.2830000
1205,Salzbergen,52.3330000, 7.3500000
1206,Spahn,52.8660000, 7.5830000
1207,Bockhorn,53.4000000, 8.0170000
1208,Jever,53.5833000, 7.9000000
1209,Dangast,53.4460000, 8.1180000
1210,Wiefels,53.5980000, 7.8720000
1211,Gildehaus,52.2980000, 7.1040000
1212,Engden,52.4000000, 7.1830000
1213,Neuenhaus,52.4990000, 6.9660000
1214,Brandlecht,52.3960000, 7.1180000
1215,Großringe,52.5950000, 6.9210000
1216,Wilsum,52.5330000, 6.8500000
1217,Detern,53.2090000, 7.6740000
1218,Stickhausen,53.2160000, 7.6520000
1219,Filsum,53.2330000, 7.6330000
1220,Bingum-Soltberg,53.2220000, 7.4140000
1221,Nendorp-Wischenborg,53.3090000, 7.3160000
1222,Leer,53.2320000, 7.4610000
1223,Rorichum,53.3210000, 7.3540000
1224,Osterhörn,53.1330000, 7.6170000
1225,Weener,53.1630000, 7.3510000
1226,Collinghorst,53.1610000, 7.5310000
1227,Klattenhof,52.9880000, 8.4620000
1228,Elmeloh,53.0550000, 8.5890000
1229,Schlutter,53.0280000, 8.5820000
1230,Hude,53.1080000, 8.4630000
1231,Simmershausen,52.9500000, 8.5670000
1232,Wildeshausen,52.8940000, 8.4340000
1233,Mahlstedt,52.9040000, 8.4900000
1234,Ankum,52.5500000, 7.8830000
1235,Brickwedde,52.5200000, 7.9070000
1236,Lintorf-Krietenstein,52.3070000, 8.4320000
1237,Wittlage,52.3210000, 8.3700000
1238,Bad Iburg,52.1550000, 8.0420000
1239,Haltern-Wellingen,52.3000000, 8.1830000
1240,Icker,52.3400000, 8.1150000
1241,Bersenbrück,52.5520000, 7.9480000
1242,Ellerbeck (Bissendorf),52.2600000, 8.2530000
1243,Schwege,52.4450000, 8.2640000
1244,Bramsche,52.4090000, 7.9730000
1245,Engter,52.3880000, 8.0590000
1246,Malgarten,52.4480000, 8.0240000
1247,Dissen,52.1160000, 8.2000000
1248,Erpen,52.1180000, 8.1740000
1249,Kloster Oesede,52.2040000, 8.1120000
1250,Sudendorf,52.0650000, 7.9970000
1251,Wellendorf,52.1830000, 8.1410000
1252,Melle,52.2020000, 8.3380000
1253,Riemsloh,52.1810000, 8.4200000
1254,Hahnenmoor,52.6680000, 7.7390000
1255,Niewedde,52.4050000, 8.1620000
1256,Venne,52.3850000, 8.1680000
1257,Goldenstedt,52.7880000, 8.4320000
1258,Brägel,52.6700000, 8.2840000
1259,Märschendorf,52.7020000, 8.1530000
1260,Vörden (Lkr. Vechta),52.4770000, 8.0940000
1261,Schlüte,53.1920000, 8.4690000
1262,Warfleth,53.1830000, 8.5270000
1263,Wehrder,53.1810000, 8.4820000
1264,Brake (Unterweser),53.3330000, 8.4830000
1265,Lienen,53.2550000, 8.4680000
1266,Rodenkirchen,53.4020000, 8.4530000
1267,Hannover,52.3710000, 9.7330000
1268,Barnstorf,52.7100000, 8.5030000
1269,Apelstedt,52.8080000, 8.7440000
1270,Hassel (Diepholz),52.6970000, 8.8320000
1271,Aschen,52.6510000, 8.3650000
1272,Diepholz,52.6080000, 8.3700000
1273,Lembruch,52.5330000, 8.3500000
1274,Lemförde,52.4660000, 8.3760000
1275,Berkel,52.6780000, 8.9010000
1276,Sulingen,52.6840000, 8.8090000
1277,Syke,52.9130000, 8.8220000
1278,Sudweyhe,52.9850000, 8.8830000
1279,Reher,52.0300000, 9.2350000
1280,Schwöbber,52.0680000, 9.2510000
1281,Bad Pyrmont,51.9860000, 9.2520000
1282,Börry,52.0330000, 9.4600000
1283,Hämelschenburg,52.0290000, 9.3440000
1284,Latferde,52.0320000, 9.4310000
1285,Welsede,51.9990000, 9.3400000
1286,Hameln,52.1040000, 9.3560000
1287,Tündern,52.0650000, 9.3760000
1288,Wehrbergen,52.1260000, 9.3070000
1289,Hemeringen,52.1290000, 9.2460000
1290,Wallensen,52.0170000, 9.6210000
1291,Gehrden,52.3140000, 9.6000000
1292,Neustadt am Rübenberge,52.5050000, 9.4590000
1293,Amedorf,52.5960000, 9.5690000
1294,Reden,52.2830000, 9.7820000
1295,Thiedenwiese,52.2160000, 9.7460000
1296,Jeinsen,52.2170000, 9.7930000
1297,Ronnenberg,52.3190000, 9.6550000
1298,Benthe,52.3480000, 9.6280000
1299,Alfeld,51.9840000, 9.8200000
1300,Segeste,52.0370000, 9.9440000
1301,Banteln,52.0670000, 9.7500000
1302,Posthof,52.0060000, 10.3750000
1303,Eime,52.0740000, 9.7210000
1304,Elze,52.1230000, 9.7360000
1305,Esbeck,52.0820000, 9.6800000
1306,Sorsum,52.1380000, 9.7220000
1307,Wülfingen,52.1520000, 9.7420000
1308,Betheln,52.1140000, 9.7940000
1309,Freden,51.9280000, 9.8940000
1310,Hildesheim,52.1510000, 9.9510000
1311,Groß Giesen,52.1980000, 9.8940000
1312,Heyersum,52.1570000, 9.8130000
1313,Nordstemmen,52.1620000, 9.7840000
1314,Sarstedt,52.2350000, 9.8540000
1315,Dingelbe,52.1730000, 10.1340000
1316,Sibbesse,52.0500000, 9.9000000
1317,Gronau (Leine),52.0850000, 9.7770000
1318,Lobach,51.8660000, 9.5240000
1319,Braak,51.8540000, 9.6160000
1320,Negenborn,52.5540000, 9.6320000
1321,Neuhaus im Solling,51.8280000, 9.4460000
1322,Polle,51.8990000, 9.4040000
1323,Bühren-Oyle,52.6310000, 9.1430000
1324,Eystrup,52.7790000, 9.2130000
1325,Nienburg (Weser),52.6460000, 9.2210000
1326,Liebenau,52.6040000, 9.0970000
1327,Rodewald,52.6670000, 9.4830000
1328,Schinna,52.5370000, 9.0760000
1329,Luhden,52.2250000, 9.0930000
1330,Bückeburg,52.2610000, 9.0490000
1331,Petzen,52.2720000, 9.0040000
1332,Meinsen-Warber,52.2950000, 9.0620000
1333,Meinsen,52.2965500, 9.0551600
1334,Rinteln,52.1860000, 9.0790000
1335,Feggendorf-Heisterburg,52.2840000, 9.3850000
1336,Schieneichen,52.3150000, 9.0960000
1337,Celle,52.6230000, 10.0800000
1338,Hohnhorst,52.6530000, 10.3300000
1339,Bederkesa,53.6240000, 8.8380000
1340,Fickmühlen,53.6400000, 8.7840000
1341,Bramstedt,53.3670000, 8.7000000
1342,Cadenberge,53.7690000, 9.0630000
1343,Gudendorf,53.8020000, 8.6710000
1344,Kreienhöltermoor,53.7260000, 9.0970000
1345,Dorum,53.6830000, 8.5670000
1346,Flögeln,53.6670000, 8.8170000
1347,Hechthausen,53.6400000, 9.2390000
1348,Kleinwörden,53.6610000, 9.2580000
1349,Dingen,53.6170000, 8.5330000
1350,Holßel,53.6890000, 8.6180000
1351,Neuenwalde,53.6760000, 8.6820000
1352,Sievern,53.6480000, 8.6010000
1353,Feddersen Wierde,53.6670000, 8.5500000
1354,Meckelstedt,53.5970000, 8.9300000
1355,Loxstedt,53.4670000, 8.6500000
1356,Buttel,53.4260000, 8.5380000
1357,Midlum,53.7330000, 8.6330000
1358,Neuhaus (Oste),53.8000000, 9.0330000
1359,Nordholz,53.7830000, 8.6000000
1360,Bentwisch,53.7650000, 9.1490000
1361,Oberndorf,53.7500000, 9.1500000
1362,Otterndorf,53.8090000, 8.9010000
1363,Westerwörden,53.8090000, 8.9010000
1364,Wersabe,53.3270000, 8.5310000
1365,Wehden,53.6070000, 8.6790000
1366,Westerwanna,53.7400000, 8.7810000
1367,Lehnstedt,53.3090000, 8.6420000
1368,Buchholz in der Nordheide,53.3260000, 9.8680000
1369,Rosengarten,53.4170000, 9.8670000
1370,Klecken,53.3690000, 9.9390000
1371,Tötensen,53.4020000, 9.9260000
1372,Pevestorf,53.0600000, 11.4550000
1373,Küsten,52.9830000, 11.0670000
1374,Rebenstorf,52.9220000, 11.2040000
1375,Hitzacker,53.1530000, 11.0440000
1376,Lüchow,52.8910000, 10.8920000
1377,Adendorf,53.2820000, 10.4380000
1378,Barskamp,53.2430000, 10.7810000
1379,Kirchgellersen,53.2330000, 10.3000000
1380,Lüneburg,53.2510000, 10.4140000
1381,Lilienthal,53.1330000, 8.9170000
1382,Ritterhude,53.1830000, 8.7360000
1383,Stendorf,53.2010000, 8.7050000
1384,Scharmbeck,53.2270000, 8.7950000
1385,Bevern,53.4420000, 9.1760000
1386,Hesedorf,53.4650000, 9.1980000
1387,Weertzen,53.2990000, 9.3860000
1388,Barchel,53.4670000, 9.0330000
1389,Soltau,52.9860000, 9.8430000
1390,Dollern,53.5330000, 9.5500000
1391,Ritsch,53.6970000, 9.4090000
1392,Gräpel,53.5690000, 9.1800000
1393,Issendorf,53.4850000, 9.5170000
1394,Bützfleth,53.6540000, 9.4830000
1395,Perlberg,53.5930000, 9.4760000
1396,Wischhafen,53.7830000, 9.3170000
1397,Klein Hesebeck,53.0550000, 10.6150000
1398,Rosche,52.9870000, 10.7520000
1399,Suderburg,52.9000000, 10.4670000
1400,Rassau,52.9570000, 10.6900000
1401,Ripdorf,52.9900000, 10.5750000
1402,Achim,53.0140000, 9.0260000
1403,Uphusen,53.0290000, 8.9710000
1404,Halsmühlen,52.9500000, 9.2330000
1405,Dörverden,52.8500000, 9.2330000
1406,Daverden (Langwedel),52.9760000, 9.1710000
1407,Fischerhude,53.1170000, 9.0570000
1408,Verden,52.9230000, 9.2350000
1409,Braunschweig,52.2660000, 10.5270000
1410,Hagen-Dowesee,52.2680000, 10.5250000
1411,Querum,52.2890000, 10.5630000
1412,Beinum,52.0740000, 10.4140000
1413,Lobmachtersen,52.0990000, 10.4250000
1414,Salder,52.1360000, 10.3370000
1415,Desingerode,51.5270000, 10.1830000
1416,Nesselröden,51.4940000, 10.1810000
1417,Reiffenhausen,51.4080000, 9.9720000
1418,Göttingen,51.5340000, 9.9320000
1419,Hedemünden,51.3900000, 9.7630000
1420,Lutterberg,51.3730000, 9.6150000
1421,Wiershausen,51.4270000, 9.7150000
1422,Dankelshausen,51.4690000, 9.7060000
1423,Goslar,51.9040000, 10.4280000
1424,Rhüden,51.9500000, 10.1170000
1425,Frellstedt,52.2060000, 10.9150000
1426,Helmstedt,52.2280000, 11.0100000
1427,Bornum,52.2580000, 10.7530000
1428,Königslutter,52.2510000, 10.8170000
1429,Flechtorf,52.3560000, 10.7060000
1430,Esbeck (Schöningen),52.1580000, 10.9620000
1431,Bad Gandersheim,51.8720000, 10.0250000
1432,Amelith,51.6940000, 9.5140000
1433,Winnefeld,51.6400000, 9.5560000
1434,Wachenhausen,51.6670000, 10.0950000
1435,Edesheim,51.7510000, 9.9750000
1436,Imbshausen,51.7600000, 10.0410000
1437,Northeim,51.7070000, 10.0000000
1438,Levershausen,51.6640000, 10.0110000
1439,Düna,51.6890000, 10.2810000
1440,Förste,51.7420000, 10.1790000
1441,Lengede,52.2050000, 10.3080000
1442,Peine,52.3190000, 10.2350000
1443,Handorf,52.2920000, 10.2120000
1444,Bortfeld,52.2940000, 10.4060000
1445,Groß-Denkte,52.1450000, 10.6130000
1446,Klein-Denkte,52.1420000, 10.5860000
1447,Weferlingen,52.1550000, 10.6890000
1448,Gielde-Eichberg,52.0360000, 10.4940000
1449,Wetzleben,52.0690000, 10.7110000
1450,Remlingen,49.8050000, 9.6950000
1451,Werlaburgdorf,52.0500000, 10.5370000
1452,Glüsig (Lkr. Börde),52.2387300, 11.4414000
1453,Bone (Lkr. Anhalt-Bitterfeld),51.9670000, 12.1400000
1454,Crüchern (Lkr. Salzlandkreis),51.7718000, 11.8607700
1455,Löbersdorf (Lkr. Anhalt-Bitterfeld),51.6409900, 12.0825400
1456,Leuna (Lkr. Saalekreis),51.3180000, 12.0160000
1457,Oberwerschen (Lkr. Burgenlandkreis),51.1310000, 12.0610000
1458,Reupzig,51.7360000, 12.0670000
1459,Ristedt (Lkr. Altmarkkreis Salzwedel),52.6461300, 11.0782400
1460,Wilsleben (Lkr. Salzlandkreises),51.7996600, 11.4255800
1461,Winningen (Lkr. Salzlandkreis),51.8229700, 11.4502800
1462,Ärzen,52.0500000, 9.2590000
1463,Ahrbergen,52.2190000, 9.8790000
1464,Bad Rothenfelde,52.1170000, 8.1670000
1465,Bentumersiel,53.2310000, 7.3670000
1466,Beuchte,51.9860000, 10.5190000
1467,Delligsen,51.9410000, 9.8030000
1468,Eddigehausen,51.5950000, 9.9560000
1469,Harsum,52.2100000, 9.9650000
1470,Hoya,52.8080000, 9.1400000
1471,Klein-Vollbüttel,52.4160000, 10.4910000
1472,Landegge,52.8243600, 7.2522300
1473,Middels-Osterloog,53.5390000, 7.6330000
1474,Neuenbülstedt (Grabfund),53.2130000, 9.1500000
1475,Bönitz (Lkr. Elbe-Elster),51.5290000, 13.2970000
1476,Deutsch Wusterhausen (Lkr. Dahme-Spreewald),52.2950000, 13.5840000
1477,Laasow (Lkr. Oberspreewald-Lausitz),51.7130000, 14.0870000
1478,Waltersdorf (Lkr. Dahme-Spreewald),51.8200000, 13.6490000
1484,Lünne,52.4330000, 7.4330000
1485,Herbergen,52.6900000, 7.8170000
1486,Schwagstorf,52.3740000, 8.2130000
1487,Freren,52.4870000, 7.5430000
1488,Gersten,52.5830000, 7.5170000
1489,Meppen,52.6910000, 7.2910000
1490,Stirpe-Ölingen,52.3330000, 8.2670000
1491,Welplage,52.4330000, 8.2680000
1492,Hitz-Jöstinghausen,52.3330000, 8.2670000
1493,Lockhausen (Bad Essen),52.3280000, 8.3570000
1494,Aurich,53.4690000, 7.4820000
1495,Nortmoor,53.2330000, 7.5670000
1496,Völlen,53.1100000, 7.3840000
1497,Ostbense,53.6830000, 7.6330000
1498,Emstek,52.8330000, 8.1500000
1499,Berne,53.1830000, 8.4830000
1500,Golzwarden,53.3520000, 8.4640000
1501,Langwarden,53.6040000, 8.3060000
1502,Elsfleth,53.2370000, 8.4570000
1503,Moorriem,53.2330000, 8.3500000
1504,Esenshamm,53.4490000, 8.4380000
1505,Rüstringen,53.5300000, 8.1130000
1506,Lindern (Sulingen),52.6670000, 8.8350000
1507,Stemmen,52.3440000, 9.5190000
1508,Everloh,52.3340000, 9.6040000
1509,Lenthe,52.3560000, 9.6140000
1510,Müllingen,52.2940000, 9.9070000
1511,Barrien,52.9410000, 8.8300000
1512,Engern,52.1940000, 9.1100000
1513,Kirchhorsten,52.3030000, 9.1330000
1514,Schöttlingen,52.3470000, 9.2790000
1515,Klein Häuslingen,52.8150000, 9.3600000
1516,Bokel (Sprakensehl),52.8080000, 10.5470000
1517,Büchten,52.7340000, 9.5670000
1518,Hedern,52.7680000, 9.4130000
1519,Grethem,52.7270000, 9.5730000
1520,Benefeld,52.9040000, 9.6320000
1521,Meckelfeld,53.4230000, 10.0180000
1522,Echem,53.3330000, 10.5330000
1523,Boltersen,53.2750000, 10.5670000
1524,Süpplingenburg,52.2510000, 10.9100000
1525,Salzgitter-Bad,52.0490000, 10.3740000
1526,Einbeck,51.8200000, 9.8700000
1527,Vogelbeck,51.7800000, 9.9460000
1528,Bovenden,51.5920000, 9.9300000
1529,Groß Lengden,51.5090000, 10.0330000
1530,Rosdorf,51.5000000, 9.9000000
1531,Bavenstedt,52.1740000, 9.9920000
1532,Giesen,52.1970000, 9.8990000
1533,Groß Escherde,52.1560000, 9.8460000
1534,Hasede,52.1980000, 9.9190000
1535,Klein Escherde,52.1610000, 9.8370000
1536,Mahlerten,52.1510000, 9.7960000
1537,Schliekum,52.2370000, 9.8190000
1538,Finkenberg,52.0830000, 9.9500000
1539,Hehlen,51.9890000, 9.4700000
1540,Vorwohle,51.8870000, 9.7270000
1541,Angerstein,51.6170000, 9.9360000
1542,Kalefeld,51.8000000, 10.0330000
1543,Parensen,51.6160000, 9.9040000
1544,Solling,51.7310000, 9.5720000
1545,Bodenstedt,52.2280000, 10.3340000
1546,Solschen,52.2670000, 10.1500000
1547,Bülten,52.2780000, 10.1980000
1548,Schmedenstedt,52.2770000, 10.2870000
1549,Immenbeck,53.4470000, 9.7280000
1550,Buxtehude,53.4670000, 9.6860000
1551,Hülsen,52.8170000, 9.3250000
1552,Grambke,53.1520000, 8.7140000
1553,Mittelshuchting,53.0560000, 8.7320000
1554,Wellmich,50.1720000, 7.6930000
1555,Gudensberg,51.1762000, 9.3575000
1556,Kirchberg,51.1960000, 9.2990000
1557,Hofestatt (Obervorschütz),51.1610000, 9.3520000
1558,Oberkaufungen,51.2830000, 9.6340000
1559,Rüdigheim,50.7825070, 8.9566580
1560,Limburg,50.3840000, 8.0500000
1561,Niederselters,50.3370000, 8.2340000
1562,Eschborn,50.1430000, 8.5710000
1563,Weilbach,50.0340000, 8.4290000
1564,Bad Homburg,50.2270000, 8.6180000
1565,Eltville,50.0290000, 8.1180000
1566,Wiesbaden,50.0830000, 8.2490000
1567,Biebrich,50.0420000, 8.2490000
1568,Bierstadt,50.0830000, 8.2860000
1569,Erbenheim,50.0560000, 8.3030000
1570,Igstadt,50.0820000, 8.3290000
1571,Wiesbaden-Mainz-Kastel,50.0099400, 8.2829100
1572,Schierstein,50.0450000, 8.1980000
1573,Biblis,49.6920000, 8.4590000
1574,Glauberg,50.3130000, 9.0170000
1575,Butzbach,50.4340000, 8.6710000
1576,Gross-Karben,50.2300000, 8.7720000
1577,Ockstadt,50.3320000, 8.7220000
1578,Bauschheim,49.9630000, 8.3810000
1579,Biebesheim,49.7810000, 8.4670000
1580,Büttelborn,49.9030000, 8.5230000
1581,Wolfskehlen,49.8530000, 8.5000000
1582,Seligenstadt,50.0430000, 8.9740000
1583,Steinheim (Hessen),50.1130000, 8.9070000
1584,NIDA,50.1540000, 8.6380000
1585,Schlotheim,51.2470000, 10.6560000
1586,Gierstädt,51.0500000, 10.8330000
1587,Günstedt,51.2170000, 11.0670000
1588,Trostadt,50.4650000, 10.6410000
1589,Bad Langensalza,51.1080000, 10.6460000
1590,Kleinromstedt,50.9840000, 11.5140000
1591,Rudolstadt,50.7200000, 11.3400000
1592,Tautenburg,51.0000000, 11.7170000
1593,Sankt Annen (Lkr. Dithmarschen),54.3500000, 9.0833300
1594,Erfurt,50.9790000, 11.0330000
1595,Schwabhausen,50.8830000, 10.7330000
1596,Altengottern,51.1670000, 10.5670000
1597,Bollstedt,51.2010000, 10.5330000
1598,Flürener Heide,51.6890000, 6.5610000
1599,Haffen,51.7360000, 6.4530000
1600,Beeckerwerth,51.4760000, 6.7010000
1601,Großenbaum,51.3670000, 6.7820000
1602,Obererbach,50.4500000, 7.9670000
1603,Wolfhagen,51.3272000, 9.1709000
1606,Jänschwalde (Lkr. Spree-Neiße),51.8610000, 14.4980000
1608,Vossberg (Lkr. Vorpommern-Greifswald),53.8717900, 13.8795700
1609,Landwehr (Lkr. Rendsburg-Eckernförde),54.3500000, 9.9830000
1610,Rathmannsdorf-Felmerholz (Lkr. Rendsburg-Eckernförde),54.3840000, 10.0630000
1611,Kleinwolstrup (Lkr. Schleswig-Flensburg),54.7350000, 9.4920000
1612,Norgaardholz (Lkr. Schleswig-Flensburg),54.7830000, 9.7990000
1613,Kastorf (Lkr. Herzogtum Lauenburg),53.7500000, 10.5830000
1615,Wilhelmshof (Lkr. Vorpommern-Greifswald),53.8509000, 13.9168600
1618,"""auf Rügen"" (Lkr. Vorpommern-Rügen)",54.4170000, 13.4000000
1619,"""Dithmarschen"" (Lkr. Dithmarschen)",54.2170000, 8.9170000
1620,Edendorf,53.1390000, 10.5530000
1621,Driehausen,52.3630000, 8.1870000
1622,Hunteburg,52.4360000, 8.2730000
1624,Hohenwedel,53.6070000, 9.4440000
1625,Land Wursten,53.6860100, 8.5483700
1626,Meißen,51.1649000, 13.4859000
1627,Bremen (Bundesland),53.0830000, 8.8330000
1628,Drohndorf (Lkr. Salzlandkreis),51.7168800, 11.5313600
1629,Klein Bartensleben (Lkr. Börde),52.2408800, 11.1344900
1630,Samswegen (Lkr. Börde),52.2605900, 11.5617400
1631,Radisleben (Lkr. Harz),51.7391100, 11.2905600
1632,Altenburg (Lkr. Altenburger Land),51.8374700, 11.7697900
1633,Könnern (Lkr. Salzlandkreis),51.6766000, 11.7928000
1634,Salzfurtkapelle (Lkr. Anhalt-Bitterfeld),51.6944000, 12.1787800
1635,Neukirchen (Lkr. Stendal),52.8787300, 11.8699900
1636,Altenzaun (Lkr. Stendal),52.7398300, 12.0248800
1637,Meyendorf (Lkr. Börde),52.0876700, 11.3304900
1638,Meseburg (Lkr. Saalekreis),51.9666700, 10.4833300
1639,Gödnitz (Lkr. Anhalt-Bitterfeld),51.9956000, 11.9208300
1640,Alach,50.9860000, 10.9300000
1641,Bad Sulza,51.0890000, 11.6250000
1642,Eckolstädt,51.0360000, 11.6410000
1643,Flurstedt,51.0590000, 11.5580000
1644,Kapellendorf,50.9750000, 11.4690000
1645,Reisdorf,51.1020000, 11.5590000
1646,Arnstadt,50.8400000, 10.9520000
1647,Dienstedt,50.8040000, 11.1690000
1648,Elxleben,50.8670000, 11.0500000
1649,Grossliebringen,50.7530000, 11.1220000
1650,Haarhausen,50.8630000, 10.8980000
1652,Märkisch Buchholz (Lkr. Dahme-Spreewald),52.1100000, 13.7650000
1653,Brieselang (Lkr. Havelland),52.5830000, 13.0000000
1654,Wustermark (Lkr. Havelland),52.5500000, 12.9500000
1655,Ketzin (Lkr. Havelland),52.4780000, 12.8450000
1656,Bad Wilsnack (Lkr. Prignitz),52.9560000, 11.9490000
1657,Fahrland (Stadt Potsdam),52.4690000, 13.0120000
1658,Blankenfelde (Lkr. Teltow-Fläming),52.3370000, 13.4120000
1659,Schwerin (Lkr. Dahme-Spreewald),52.1930000, 13.8770000
1660,Sandhorst,53.4830000, 7.5100000
1661,Friedeburg,53.4500000, 7.8330000
1662,Westerstede,53.2570000, 7.9270000
1663,Haltern Römerlager,51.7430000, 7.1820000
1664,Alter,50.6220000, 11.5090000
1665,Apfelstädt,50.9020000, 10.8900000
1666,Apolda,51.0260000, 11.5160000
1667,Brockshus,52.9330000, 8.3830000
1668,Visbeck,52.1370000, 8.0630000
1669,Bad Fallingbostel,52.8660000, 9.6960000
1670,Geeste,52.6000000, 7.2670000
1671,Rethem (Aller),52.7860000, 9.3790000
1672,Hankensbüttel,52.7330000, 10.6000000
1673,Bardowick,53.2940000, 10.3880000
1674,Groß Elbe,52.0880000, 10.2680000
1675,Groß Meckelsen,53.2830000, 9.4500000
1677,Artern,51.3640000, 11.2920000
1678,Bottendorf,51.3050000, 11.4030000
1679,Bad Frankenhausen,51.3560000, 11.1000000
1680,Gorsleben,51.2670000, 11.1830000
1681,Harras,51.2710000, 11.2330000
1682,Hechendorf,51.2760000, 11.3950000
1683,Heldrungen,51.3020000, 11.2180000
1684,Oberheldrungen,51.2830000, 11.2500000
1685,Reinsdorf,51.3330000, 11.2670000
1686,Sachsenburg,51.2880000, 11.1630000
1687,Eisenach,50.9810000, 10.3150000
1688,Hassleben,51.1090000, 10.9960000
1689,Ingersleben,50.9220000, 10.9360000
1690,Schlossvippach,51.1000000, 11.1330000
1691,Vieselbach,50.9990000, 11.1450000
1692,Windischholzhausen,50.9470000, 11.0930000
1693,Friemar,50.9830000, 10.7830000
1694,Goldbach,51.0460000, 11.4330000
1695,Gotha,50.9480000, 10.7020000
1696,Gotha-Siebleben,50.9430000, 10.7460000
1697,Grabsleben,50.9360000, 10.8350000
1698,Günthersleben,50.9030000, 10.7650000
1699,Hohenkirchen,50.8500000, 10.7000000
1700,Langenhain,50.9030000, 10.5210000
1701,Leina,50.9010000, 10.6310000
1702,Mühlberg,50.8680000, 10.8230000
1703,Ohrdruf,50.8170000, 10.7340000
1704,Pferdingsleben,50.9670000, 10.8170000
1705,Pfullendorf,51.0080000, 10.7210000
1706,Seebergen,50.9210000, 10.7990000
1707,Sonneborn,51.0000000, 10.5830000
1708,Sundhausen,50.9290000, 10.6700000
1709,Ülleben,50.9140000, 10.7010000
1710,Wahlwinkel,50.9010000, 10.6010000
1711,Wandersleben,50.8990000, 10.8500000
1712,Wangenheim,51.0170000, 10.6170000
1713,Westhausen,51.3930000, 10.1900000
1714,Geismar,51.2320000, 10.1650000
1715,Heiligenstadt,51.3780000, 10.1370000
1716,Ballhausen,51.1500000, 10.8830000
1717,Bothenheilingen,51.1830000, 10.6170000
1718,Gräfentonna,51.0920000, 10.7290000
1719,Gross Ballhausen,51.1560000, 10.8950000
1720,Grossvargula,51.1170000, 10.7830000
1721,Mittelsömmern,51.2000000, 10.8170000
1722,Nägelstedt,51.1100000, 10.7100000
1723,Neunheilingen,51.2000000, 10.6670000
1724,Oesterbehringen,51.0230000, 10.5290000
1725,Ufhoven,51.1010000, 10.6280000
1726,Weberstedt,51.1000000, 10.5000000
1727,Felchta,51.1920000, 10.4430000
1728,Grabe,51.2170000, 10.5500000
1729,Grossengottern,51.1500000, 10.5830000
1730,Höngeda,51.1820000, 10.5040000
1731,Horsmar,51.2800000, 10.4070000
1732,Kammerforst,51.1220000, 10.4230000
1733,Körner,51.2330000, 10.6000000
1734,Marolterode,51.2330000, 10.6830000
1735,Mehrstedt,51.2700000, 10.6660000
1736,Mühlhausen/Thüringen,51.2090000, 10.4530000
1737,Niederdorla,51.1600000, 10.4480000
1738,Seebach,51.1650000, 10.5140000
1739,Windeberg,51.2730000, 10.5120000
1740,Bleicherode,51.4400000, 10.5720000
1741,Bachra,51.1980000, 11.3600000
1742,Beichlingen,51.2330000, 11.2500000
1743,Burgwenden,51.2270000, 11.2970000
1744,Eckstedt,51.0710000, 11.1460000
1745,Frohndorf,51.1620000, 11.1870000
1746,Griefstedt,51.2300000, 11.1290000
1747,Hardisleben,51.1540000, 11.4240000
1748,Kleinbrembach,51.1330000, 11.2670000
1749,Kölleda,51.1870000, 11.2450000
1750,Leubingen,51.2010000, 11.1540000
1751,Olbersleben,51.1500000, 11.3330000
1752,Schillingstedt/Sömmerda,51.2330000, 11.2000000
1753,Sömmerda,51.1590000, 11.1150000
1754,Weissensee,51.2000000, 11.0690000
1755,Bebra,51.3500000, 10.8330000
1756,Geschling,51.3480000, 10.9300000
1757,Grossenehrich,51.2480000, 10.8350000
1758,Holzthaleben,51.3450000, 10.5900000
1759,Kleinbrüchter,51.3110000, 10.6450000
1760,Oberbösa,51.2830000, 11.0330000
1761,Rockstedt,51.2850000, 10.7620000
1762,Sondershausen,51.3700000, 10.8700000
1763,Gelmeroda,50.9510000, 11.3010000
1764,Hochdorf,50.8280000, 11.3240000
1765,Kleinschwabhausen,50.9320000, 11.4610000
1766,Ottstedt,51.0170000, 11.2140000
1767,Weimar,50.9800000, 11.3290000
1768,Buhla,51.4330000, 10.4330000
1769,Grossbodungen,51.4760000, 10.4810000
1770,Haynrode,51.4330000, 10.4830000
1771,Kirchohmfeld,51.4430000, 10.3590000
1772,Teistungen,51.4670000, 10.2670000
1773,Erfurt (Innenstadt),50.9790000, 11.0330000
1774,Erfurt-Bischleben,50.9360000, 10.9850000
1775,Erfurt-Gispersleben,51.0170000, 10.9930000
1776,Meuselwitz,51.0430000, 12.2990000
1777,Pölzig,50.9500000, 12.2000000
1778,Cossengrün,50.5820000, 12.1480000
1779,Grosseutersdorf,50.7830000, 11.5670000
1780,Hirschroda,51.0220000, 11.6560000
1781,Kahla,50.8070000, 11.5850000
1782,Lützeroda,50.9600000, 11.5530000
1783,Maua,50.8690000, 11.6000000
1784,Harra,50.4170000, 11.6830000
1785,Gräfendorf-Dobian,50.6530000, 11.5210000
1786,Köstitz,50.7000000, 11.2830000
1787,Oelsen,50.6560000, 11.5080000
1788,Ranis,50.6610000, 11.5690000
1789,Remda,50.7590000, 11.2270000
1790,Alter (Goßwitz),50.6350000, 11.4770000
1791,Kaulsdorf,50.6330000, 11.4330000
1792,Obernitz,50.6280000, 11.3830000
1793,Saalfeld,50.6480000, 11.3650000
1794,Hermsdorf,50.8970000, 11.8550000
1795,Gera,50.8800000, 12.0820000
1796,Gera-Milbitz,50.9030000, 12.0550000
1797,Jena,50.9290000, 11.5900000
1798,Jena-Lobeda,50.8960000, 11.6020000
1799,Jena-Zwätzen,50.9590000, 11.6170000
1800,Bad Salzungen,50.8130000, 10.2360000
1801,Stadtlengsfeld,50.7830000, 10.1290000
1802,Steinbach/Thüringen,50.8330000, 10.3640000
1803,Dingsleben,50.4330000, 10.6000000
1804,Gleicherwiesen,50.3630000, 10.6330000
1805,Harras/Eisfeld,50.4110000, 10.8590000
1806,Heldburg,50.2790000, 10.7240000
1807,Henfstädt,50.5160000, 10.5870000
1808,Hildburghausen,50.4260000, 10.7320000
1809,Lindenau/Thüringen,50.2530000, 10.7550000
1810,Poppenhausen,50.2360000, 10.7180000
1811,Bauerbach,50.4990000, 10.3910000
1812,Dreissigacker,50.5590000, 10.3880000
1813,Geba,50.5800000, 10.2610000
1814,Haina,50.4170000, 10.5420000
1815,Jüchsen,50.4800000, 10.5020000
1816,Kaltensundheim,50.6170000, 10.1670000
1817,Meiningen,50.5680000, 10.4150000
1818,Milz,50.3780000, 10.5380000
1819,Römhild,50.3960000, 10.5390000
1820,Sülzdorf,50.4110000, 10.4910000
1821,Schalkau,50.3950000, 11.0070000
1822,Sonneberg,50.3590000, 11.1750000
1823,Theuern,50.4240000, 11.0340000
1824,Benshausen,50.6500000, 10.6000000
1825,Kühndorf,50.6170000, 10.4830000
1826,Zella-Mehlis,50.6560000, 10.6600000
1827,Suhl,50.6090000, 10.6940000
1828,Gladenbach,50.7684700, 8.5808500
1829,Dillenburg,50.7411400, 8.2869900
1830,Herborn,50.6813500, 8.3036900
1831,Merkenbach,50.6562600, 8.2951300
1832,Bad Orb,50.2278800, 9.3478200
1833,Gelnhausen,50.2016400, 9.1874200
1834,Kassel (Dorf),50.2067900, 9.2776100
1835,Wirtheim,50.2228300, 9.2621600
1836,Langenselbold,50.1765700, 9.0400300
1837,Dauborn,50.3281600, 8.1764000
1838,Dornburg,50.5166700, 8.0166700
1839,Elz,50.4166700, 8.0333300
1840,Frickhofen,50.5052000, 8.0261000
1841,Kirberg,50.3088100, 8.1588300
1842,Limburg,50.3836000, 8.0503000
1843,Niederbrechen,50.3646800, 8.1651200
1844,Oberzeuzheim,50.4749900, 8.0620100
1845,Staffel,50.3976400, 8.0366500
1846,Runkel,50.4057400, 8.1545700
1847,Villmar,50.3928700, 8.1931000
1848,Weilburg,50.4843800, 8.2624900
1849,Kleinrechtenbach,50.5166700, 8.5833300
1850,Wetzlar,50.5610900, 8.5049500
1851,Königsberg,50.6416900, 8.5349600
1852,Wissmar,50.6373200, 8.6766400
1853,Leihgestern,50.5278300, 8.6768000
1854,Gießen,50.5872700, 8.6755400
1855,Grünberg,50.5940300, 8.9586600
1856,Heuchelheim,50.4955700, 8.0574500
1857,Nieder-Bessingen,50.5388300, 8.8841500
1858,Fraurombach,50.6742300, 9.6118300
1859,Niddawitzhausen,51.1782900, 9.9842800
1860,Schwebda,51.1964600, 10.1042700
1861,Vockerode,51.2095300, 9.9047700
1862,Berghofen,51.0046800, 8.6722500
1863,Dissen,51.1947500, 9.4059700
1864,Geismar (Schwalm-Eder-Kreis),51.1385500, 9.2475300
1865,Gombeth,51.0643900, 9.2910000
1866,Gudensberg,51.1770600, 9.3674800
1867,Maden,51.1645200, 9.3749400
1868,Fulda,50.5516200, 9.6751800
1869,Hattenhof,50.4676100, 9.6746600
1870,Mosbach,50.4433500, 9.9479500
1871,Seiferts,50.5260900, 10.0148100
1872,Bad Hersfeld,50.8719700, 9.7089100
1873,Philippsthal,50.8394800, 10.0090600
1874,Calden,51.4094300, 9.4018900
1875,Hofgeismar,51.4960700, 9.3850000
1876,Karlshafen,51.6000000, 9.5000000
1877,Langenthal,51.6091200, 9.3672200
1878,Grossenritte,51.2474400, 9.3878100
1879,Niederkaufungen,51.2842900, 9.6044700
1880,Wilhelmshausen,51.4057600, 9.5801500
1881,Amöneburg,50.7959500, 8.9233000
1882,Großseelheim,50.8173000, 8.8628200
1883,Kirchhain,50.8272000, 8.9280600
1884,Marburg,50.8090400, 8.7706900
1885,Niederklein,50.7940000, 8.9969400
1886,Schweinsberg,50.7688600, 8.9641700
1887,Wehrda,50.8381400, 8.7556000
1888,Gensungen,51.1297100, 9.4406900
1891,Raguth (Lkr. Ludwigslust-Parchim),53.5686600, 11.0522500
1892,Zettemin (Lkr. Mecklenburgische Seenplatte),53.6474000, 12.8333000
1893,Wodarg (Lkr. Mecklenburgische Seenplatte),53.7433300, 13.3514800
1894,Wismar (Hansestadt),53.9000000, 11.4666700
1896,Babke (Lkr. Mecklenburgische Seenplatte),53.3611000, 12.8886800
1897,Steinhausen (Lkr. Nordwestmecklenburg),53.9444100, 11.6054000
1898,Brunn (Lkr. Mecklenburgische Seenplatte),53.6667000, 13.3667000
1899,Oberhof (Lkr. Nordwestmecklenburg),53.9464700, 11.2257500
1900,Blengow (Lkr. Rostock),54.0931500, 11.6450400
1901,Beseritz (Lkr. Mecklenburgische Seenplatte),53.7000000, 13.4500000
1902,Bibow-Hasenwinkel (Lkr. Nordwestmecklenburg),53.7931900, 11.6320700
1903,Bohlendorf (Lkr. Vorpommern-Rügen),54.5985100, 13.2966000
1904,Bredenfelde (Lkr. Mecklenburgische Seenplatte),53.6000000, 12.9500000
1905,Bürgerhof-Leisterförde (Lkr. Ludwigslust-Parchim),53.4722100, 10.7353600
1906,Demen (Lkr. Ludwigslust-Parchim),53.6333000, 11.7667000
1907,Demzin (Lkr. Mecklenburgische Seenplatte),53.6674200, 12.7892700
1908,Dönkendorf (Lkr. Nordwestmecklenburg),53.9552800, 11.0363800
1909,Ganzkow (Lkr. Mecklenburgische Seenplatte),53.6628900, 13.3328000
1910,Glasow (Lkr. Mecklenburgische Seenplatte),53.9058600, 12.8005300
1911,Grevesmühlen (Lkr. Nordwestmecklenburg),53.8498000, 11.1740000
1912,Grischow (Lkr. Mecklenburgische Seenplatte),53.6963200, 13.3392500
1913,Ilow (Lkr. Nordwestmecklenburg),53.9500000, 11.6000000
1914,Kadow (Lkr. Ludwigslust-Parchim),53.5833000, 11.9333000
1915,Kieshof (Hansestadt Greifswald),54.1262400, 13.3331100
1916,Klempenow (Lkr. Mecklenburgische Seenplatte),53.7931500, 13.3118200
1917,Langwitz (Lkr. Mecklenburgische Seenplatte),53.6552700, 12.7050900
1918,Laschendorf (Lkr. Mecklenburgische Seenplatte),53.4815100, 12.4686200
1919,Morgenitz (Lkr. Vorpommern-Greifswald),53.9249700, 13.9706400
1920,Neubauhof/Dargun (Lkr. Mecklenburgische Seenplatte),53.9009900, 12.8501300
1921,Neuendorf (Lkr. Nordwestmecklenburg),53.9313000, 11.6191900
1922,Neukloster (Lkr. Nordwestmecklenburg),53.8676000, 11.6800000
1923,Niepars (Lkr. Vorpommern-Rügen),54.3167000, 12.9333000
1924,Papendorf (Lkr. Vorpommern-Greifswald),53.5000000, 13.9500000
1925,Rehna,53.7787700, 11.0492900
1926,Rottmannshagen (Lkr. Mecklenburgische Seenplatte),53.6512400, 12.8591100
1927,Schwarzenhof (Lkr. Mecklenburgische Seenplatte),53.4634800, 12.7983800
1929,Sternberg (Lkr. Ludwigslust-Parchim),53.7096000, 11.8119000
1930,Usadel (Lkr. Mecklenburgische Seenplatte),53.4435700, 13.1813200
1931,Wakenstädt (Lkr. Nordwestmecklenburg),53.7000000, 11.1167000
1932,Warin (Lkr. Nordwestmecklenburg),53.8002600, 11.7050400
1933,Weltzin (Lkr. Mecklenburgische Seenplatte),53.7556000, 13.2827500
1934,Richtenberg (Lkr. Vorpommern-Rügen),54.2021000, 12.8978000
1935,Groß Strömkendorf (Lkr. Nordwestmecklenburg),53.9833000, 11.5333000
1936,Grundshagen (Lkr. Nordwestmecklenburg),53.9667000, 11.1667000
1937,Osterholz,53.2269800, 8.7952800
1938,Bellahn,53.0675600, 10.9510000
1939,Göhrde,53.1500000, 10.8833300
1940,Offleben,52.1388600, 11.0392000
1941,Duderstadt,51.5131200, 10.2595100
1943,Bothkamp (Lkr. Plön),54.2032000, 10.1340000
1945,St. Pauli,53.5570000, 9.9640000
1946,Berlin-Blankenburg,52.5929300, 13.4551600
1947,Liebersee (Lkr. Nordsachsen),51.4642300, 13.1660900
1948,Kirchhuchting,53.0493700, 8.7372200
1950,Schiffdorferdamm (Fpl. Bremerhaven 20),53.5502100, 8.5767300
1951,Thurow (Lkr. Vorpommern-Greifswald),53.9667000, 13.5500000
1952,"""Mecklenburg""",53.5000000, 12.0000000
1953,Sandersleben (Lkr. Mansfeld-Südharz),51.6774500, 11.5679500
1954,Ebersbach (Lkr. Meißen),51.2333000, 13.6500000
1955,Markranstädt,51.3015200, 12.2203500
1956,Eisdorf (Lkr. Leipzig),51.2251600, 12.2038400
1957,Großstorkwitz (Lkr. Leipzig),51.1889100, 12.2674000
1958,Kitzen (Lkr. Leipzig),51.2217200, 12.2234900
1959,Weideroda (Lkr. Leipzig),51.1795600, 12.2664600
1960,Wiederau (Lkr. Leipzig),51.1915100, 12.2852900
1961,Dinslaken,51.5622700, 6.7434000
1962,Hiesfeld,51.5636600, 6.7764500
1963,Bucholt und Welmen,51.6402000, 6.7233100
1964,Gemeinde Voerde,51.5970300, 6.6863000
1965,Spellen,51.6072600, 6.6207300
1966,Walsum,51.5342400, 6.7056100
1967,"Buchholz, Huckingen oder Wedau",51.3921000, 6.7938700
1968,Duissern,51.4363400, 6.7897700
1969,Hochfeld,51.4194300, 6.7546200
1970,Neuenkamp,51.4338200, 6.7278100
1971,Wedau,51.3921000, 6.7938700
1972,Duisburg (Umgegend),51.4324700, 6.7651600
1973,Bilk,51.2080600, 6.7766700
1974,Bilker Busch,51.2019400, 6.8530600
1975,"Derendorf, Golzheim, Stockum und Unterrath",51.2434000, 6.7720400
1976,Düsseltal,51.2408000, 6.8033000
1977,"Eller, Lierenfeld, Oberbilk",51.2092000, 6.8275000
1978,Flingern,51.2262600, 6.8102600
1979,Düsseldorf-Hafen,51.2195700, 6.7341000
1980,Hamm,51.2108400, 6.7405800
1981,Heerdt,51.2307500, 6.7232900
1982,Itter,51.1684200, 6.8192200
1983,Karlstadt,51.2227780, 6.7708330
1984,Lohausen,51.2795300, 6.7279500
1985,Oberkassel,51.2301100, 6.7469800
1986,Reisholz,51.1769600, 6.8593300
1987,Stockum,51.2584800, 6.7449200
1988,Hilden,51.1681800, 6.9309300
1989,Kettwig vor der Brücke,51.3604500, 6.9323000
1990,Lintorf,51.3368000, 6.8312200
1991,Mettmann,51.2504000, 6.9753600
1992,Schonnebeck,51.4771600, 7.0634000
1993,Steele,51.4529700, 7.0790700
1994,Überruhr,51.4166700, 7.0833300
1995,Vogelheim,51.4895600, 6.9809300
1996,Werden,51.3882900, 7.0030700
1997,Essen,51.4565700, 7.0122800
1998,Alkenrath,51.0392000, 7.0032000
1999,Rheindorf,51.0534400, 6.9502100
2000,Broich-Ost,51.4321800, 6.8796700
2001,Alt-Oberhausen,51.4703000, 6.8642000
2002,Oberhausen-Ostefeld,51.5058400, 6.8860200
2003,Oberhausen-Sterkrade,51.5175400, 6.8580000
2004,Jöckern,51.6973900, 6.4985200
2005,Mühlenfeld,51.6836400, 6.5075300
2006,Bislich,51.6793300, 6.4945100
2007,Gemeinde Damm,51.6837700, 6.8015200
2008,Gemeinde Elten Niederrhein,51.8717900, 6.1601800
2009,Hochelten,51.8655900, 6.1736600
2010,Emmerich,51.8393300, 6.2479200
2011,Flüren,51.6807700, 6.5693200
2012,Flürener Feld,51.6746100, 6.5525000
2013,Grietherbusch,51.8035300, 6.3513200
2014,Haffen,51.7364700, 6.4525000
2015,Mehr,51.7268200, 6.4760800
2016,Mehrhoog,51.7382600, 6.5116400
2017,Haldern,51.7736900, 6.4623800
2018,Hülshorst (Hülshorsterrott),51.7326200, 6.5903100
2019,Heeren-Herken,51.7833300, 6.4500000
2020,Hüthum,51.8478700, 6.2045600
2021,Isselburg,51.8323200, 6.4642800
2022,Klein-Netterden,51.8437400, 6.2877700
2023,Millingen,51.8075000, 6.3960200
2024,Rees,51.7626300, 6.3977800
2025,Schermbeck,51.6833300, 6.8666700
2026,Wesel,51.6669000, 6.6203700
2027,Bergisch Neukirchen,51.0766100, 7.0229700
2028,Leichlingen,51.1062800, 7.0187300
2029,Baumberg,51.1185000, 6.8911300
2030,Quettingen,51.0641000, 7.0418600
2031,Radevormwald,51.2021900, 7.3602700
2032,Wermelskirchen,51.1397000, 7.2158300
2033,Geiselbach,50.1166700, 9.2000000
2034,Aschach,50.2572100, 10.0657000
2035,Bad Kissingen,50.2022800, 10.0778400
2036,Hausen bei Bad Kissingen,50.2302500, 10.0723600
2037,Münnerstadt,50.2463600, 10.2018700
2038,Nüdlingen,50.2206300, 10.1229600
2039,Rannungen,50.1666700, 10.2166700
2040,Windheim,50.2658500, 10.1113100
2041,Wollbach bei Bad Kissingen,50.2737500, 10.0023200
2042,Brendlorenzen,50.3313100, 10.2115200
2043,Gössenheim,50.0166700, 9.7833300
2044,Frankenwinheim,49.8873300, 10.3143200
2045,Herlheim,49.9227300, 10.2870900
2046,Obervolkach,49.8731000, 10.2579300
2047,Traustadt,49.9400800, 10.4123300
2048,Fuchsstadt,50.1082500, 9.9337000
2049,Hammelburg,50.1163300, 9.8914300
2050,Karlstadt,49.9603400, 9.7723900
2051,Müdesheim,49.9680700, 9.9165000
2052,Großlangheim,49.7562000, 10.2406500
2053,Hüttenheim,49.6480700, 10.2578000
2054,Kitzingen,49.7397300, 10.1507200
2055,Aub,49.5526700, 10.0653000
2056,Gabolshausen,50.2715000, 10.5044700
2057,Ipthausen,50.2999100, 10.4833800
2058,Kleinbardorf,50.2753500, 10.4042200
2059,Königshofen,50.3008200, 10.4688700
2060,Merkershausen,50.2866100, 10.4447000
2061,Trappstadt,50.3188000, 10.5699500
2062,Marktheidenfeld,49.8454000, 9.6035900
2063,Stadtprozelten,49.7846600, 9.4118400
2064,Stockheim,50.4500000, 10.2833300
2065,Klotzenhof,49.7453700, 9.2444800
2066,Sommerhausen,49.7036100, 10.0260500
2067,Geldersheim,50.0428600, 10.1560900
2068,Grafenrheinfeld,50.0000000, 10.2000000
2069,Heidenfeld,49.9675100, 10.2079800
2070,Schweinfurt,50.0493700, 10.2217500
2071,Weyer,50.0221700, 10.3152100
2072,Estenfeld,49.8289600, 10.0058800
2073,Oberaltertheim,49.7277800, 9.7641700
2074,Roßbrunn,49.7958400, 9.7555400
2075,Thüngersheim,49.8783300, 9.8491700
2076,Würzburg,49.7939100, 9.9512100
2077,Bobstadt,49.4672500, 9.6740000
2078,Brehmen,49.5689000, 9.5561300
2079,Impfingen,49.6480600, 9.6594400
2080,Kembach,49.7444600, 9.6279600
2081,Messelhausen,49.5761100, 9.7886100
2082,Niklashasuen,49.7049800, 9.6170700
2083,Poppenhausen,49.6311100, 9.8269400
2084,Tauberbischofsheim,49.6247200, 9.6627800
2085,Unterschüpf,49.5131300, 9.6880500
2086,Unterwittighausen,49.6133300, 9.8388900
2087,Vilchband,49.5907900, 9.8242200
2088,Bad Mergentheim,49.4925000, 9.7736100
2089,Edelfingen,49.5125700, 9.7527300
2090,Finsterlohr,49.4342900, 10.0943700
2091,Löffelstelzen,49.5081400, 9.7899100
2092,Markelsheim,49.4733400, 9.8331200
2093,Neuses,49.5072200, 9.8534900
2094,Niederrimbach-Standorf,49.4746900, 9.9966100
2095,Niederstetten,49.4000000, 9.9194400
2096,Niederstetten-Sichertshausen,49.3763900, 9.9002800
2097,Schmerbach,49.4118100, 10.0689800
2098,Amlishagen,49.2641700, 9.9622200
2099,Billingsbach-Brüchlingen,49.2963000, 9.8648200
2100,Brettheim-Hilgartshausen,49.2675800, 10.0683800
2101,Crailsheim,49.1344400, 10.0719300
2102,Dünsbach,49.2128900, 9.8841300
2103,Ellrichshausen,49.1773200, 10.1441300
2104,Gaggstadt-Lobenhausen,49.1856600, 10.0033100
2105,Gaggstadt-Mistlau,49.1992600, 10.0060600
2106,Gammesfeld,49.3131000, 10.0942300
2107,Gerabronn,49.2517200, 9.9219000
2108,Bügenstegen,49.2391800, 9.9328400
2109,Kirchberg an der Jagst,49.2005600, 9.9822600
2110,Langenburg,49.2540100, 9.8567300
2111,Lendsiedel-Weckelweiher,49.2020100, 9.9644100
2112,Michelbach an der Heide,48.9707100, 9.9198600
2113,Oberspeltach,49.1050600, 9.9815400
2114,Rot am See,49.2500000, 10.0166700
2115,Wallhausen,49.2104200, 10.0621900
2116,Westgartshausen,49.1255700, 10.1234700
2117,Wiesenbach,49.2969000, 10.0360000
2118,Kupferzell,49.2277800, 9.6900000
2119,Waldenburg,49.1846800, 9.6399400
2120,Wohlmuthausen-Metzdorf,49.2619400, 9.5785900
2121,Dörzbach,49.3834600, 9.7071500
2122,Eberstal,49.3420200, 9.6400100
2123,Hollenbach,49.3752800, 9.8058300
2124,Künzelsau,49.2818000, 9.6835200
2125,Laßbach,49.2648900, 9.8101700
2126,Döttingen,49.2213300, 9.7720000
2127,Ilshofen,49.1701500, 9.9182500
2128,Rieden,49.0653300, 9.7064300
2129,Schwäbisch Hall,49.1112700, 9.7390800
2130,Sulzdorf,49.1031900, 9.8395900
2131,Gaugshausen,49.1440800, 9.9235100
2132,Untermünkheim,49.1525500, 9.7338400
2133,Übrigshausen,49.1755800, 9.7183900
2134,Vellberg,49.0843000, 9.8791400
2135,Königshofen (Baden Württemberg),49.5500000, 9.7500000
2136,Colmberg,49.3548000, 10.4115700
2137,Oberdachstetten,49.4166700, 10.4333300
2138,Hellmitzheim,49.6690700, 10.3256000
2139,Ottersdorf,49.2934500, 11.0355100
2140,Schwabach,49.3304700, 11.0234600
2141,Geslau,49.3666700, 10.3000000
2142,Steinach an der Ens,49.4520500, 10.2626300
2143,Tennenlohe,49.2886900, 11.0377400
2144,Neunkirchen am Sand,49.5246400, 11.3195500
2145,Pirkach,49.5352900, 10.7946400
2146,Nürnberg,49.4542100, 11.0775200
2147,Langenzenn,49.4946300, 10.7923000
2148,Hilpoltstein,49.1904700, 11.1906000
2149,Neunburg vorm Wald,49.3478200, 12.3862100
2150,Parkstein,49.7292100, 12.0675500
2151,Weidenwang,49.1505000, 11.3938500
2152,Burglengenfeld,49.2037900, 12.0445200
2153,Kallmünz,49.1609400, 11.9605100
2154,Naabeck,49.2939600, 12.0664400
2155,Sinzenhof,49.2639400, 11.9478900
2156,Runding,49.2151300, 12.7620800
2157,Schlammering,49.2532000, 12.7140800
2158,Labersricht,49.2978100, 11.4898100
2159,Lauterhofen,49.3684000, 11.6029400
2160,Pilsach,49.3213700, 11.5031100
2161,Pölling,49.2927800, 11.4182300
2162,Sulzbürg,49.1799600, 11.4135900
2163,Wolfstein,49.2937800, 11.4923000
2164,Deusmauer,49.2536900, 11.6223300
2165,Mühlbach,49.0214400, 11.6171800
2166,Wildenstein,49.0402300, 11.6150400
2167,Bamberg,49.8987300, 10.9006700
2168,Hallstadt,49.9290100, 10.8753900
2169,Scheßlitz,49.9756800, 11.0329900
2170,Trabelsdorf,49.8961100, 10.7258100
2171,Viereth,49.9236700, 10.7773400
2172,Unterpreuschwitz,49.9542600, 11.5282600
2173,Coburg,50.2593700, 10.9638400
2174,Mirsdorf,50.3514900, 10.9047300
2175,Oettinghausen,50.3518900, 10.8444600
2176,Unterlauter,50.2989300, 10.9776100
2177,Ebermannstadt,49.7815400, 11.1816800
2178,Hollfeld,49.9379300, 11.2915300
2179,Burk,51.1994100, 14.4613600
2180,Eggolsheim,49.7696100, 11.0570100
2181,Forchheim,49.7175400, 11.0587700
2182,Kirchehrenbach,49.7333300, 11.1500000
2183,Hauptendorf,49.5585100, 10.9040200
2184,Hof,50.3129700, 11.9126100
2185,Joditz,50.3714700, 11.8377700
2186,Schwarzenbach,50.2227900, 11.9350400
2187,Gefrees,50.0953800, 11.7377200
2188,Döringstadt,50.0806400, 10.9315000
2189,Wolfsdorf,50.1150600, 11.0307800
2190,Wunsiedel,50.0392300, 12.0034200
2191,Michelstadt,49.6756900, 9.0037300
2199,Steinbach (Wartburgkreis),50.8333000, 10.3667000
2200,Badow (Lkr. Nordwestmecklenburg),53.6200000, 11.1766600
2201,Greese (Lkr. Nordwestmecklenburg),53.8500000, 11.5167000
2202,Klein Ernsthof (Lkr. Vorpommern-Greifswald ),54.1000000, 13.5667000
2203,Müsselmow (Lkr. Ludwigslust-Parchim),53.7167000, 11.6167000
2204,Nadrensee (Lkr. Vorpommern-Greifswald),53.3333000, 14.3500000
2205,Schelfwerder (Stadt Schwerin),53.6333300, 11.4166700
2206,Stammersfelde (Lkr. Vorpommern-Greifswald),53.8333000, 13.4500000
2207,Toitin (Lkr. Vorpommern-Greifswald),53.9167000, 13.3500000
2208,Zemitz (Lkr. Vorpommern-Greifswald),53.9833000, 13.7500000
2209,Kamenz-Jesau (Lkr. Bautzen),51.2834900, 14.1214600
2211,Haus Bürgel,51.1297220, 6.8733330
2212,Nordhausen,51.4918000, 10.7952200
2213,Delitzsch (Lkr. Nordsachsen),51.5251800, 12.3376000
2215,Gützkow (Lkr. Vorpommern-Greifswald),53.9500000, 13.4167000
2219,Bergholz (Lkr. Vorpommern-Greifswald),53.4500000, 14.1667000
2223,Landesteil Holstein,54.2000000, 9.7500000
2224,Bremen,53.0833300, 8.8333300
2226,Fritzlar,51.1257300, 9.2802300
2227,Niedenstein,51.2333000, 9.3166700
2228,Haueda,51.4892900, 9.2486000
2229,Rasdorf,50.7167000, 9.9000000
2230,Allendorf,51.0333000, 8.6791700
2231,Roßdorf,50.7699100, 8.8915400
2232,Schröck,50.7861700, 8.8300200
2233,Kreis Marburg (zwischen Ober-Rossberg und Nordeck),50.6892800, 8.8453700
2234,Melsungen,51.1277000, 9.5410300
2235,Spangenberg,51.1167000, 9.6666700
2236,Rotenburg,50.9833000, 9.7166700
2237,Goddelsheim,51.2003800, 8.8065700
2238,Friedrichsbrück,51.2219400, 9.7440600
2239,Hessisch-Lichtenau,51.2119000, 9.6987000
2240,Hopfelde,51.1798400, 9.7658400
2241,Laudenbach,51.2324500, 9.8135000
2242,Kleinvach,51.2483600, 9.9948600
2244,Rhön,50.5000000, 10.0000000
2245,Vogelsberg,50.5199000, 9.2395000
2254,Benz (Lkr. Nordwestmecklenburg),53.9167000, 11.5833000
2255,Güstrow (Lkr. Rostock),53.8045700, 12.1918800
2256,Boizenburg (Lkr. Ludwigslust-Parchim),53.3743400, 10.7231400
2258,Zahrensdorf (Lkr. Ludwigslust-Parchim),53.7500000, 11.6667000
2259,Alt Bukow (Lkr. Rostock),54.0000000, 11.6000000
2260,Alt Karin (Lkr. Rostock),53.9941800, 11.7379100
2261,Pelsin (Lkr. Vorpommern-Greifswald),53.8466000, 13.7083000
2262,Questin (Lkr. Rostock),54.0000000, 11.6000000
2263,Niendorf (Papendorf) (Lkr. Rostock),54.0333000, 12.1333000
2269,Barkow (Lkr. Ludwigslust-Parchim),53.3500000, 11.7333000
2270,Gädebehn (Lkr. Ludwigslust-Parchim),53.6333000, 13.0667000
2271,Gorschendorf (Lkr. Mecklenburgische Seenplatte),53.7333000, 12.7833000
2272,Karft (Lkr. Ludwigslust-Parchim),53.5628500, 11.0246100
2273,Kühlenstein (Lkr. Nordwestmecklenburg),53.9667000, 11.1667000
2274,Lehnenhof (Lkr. Rostock),54.0602900, 11.7205200
2275,Meierstorf (Lkr. Nordwestmecklenburg),53.8167000, 11.2167000
2276,Mummendorf (Lkr. Nordwestmecklenburg),53.8575000, 11.1199600
2277,Neubukow (Lkr. Rostock),54.0333300, 11.6666700
2278,Plüschow (Lkr. Nordwestmecklenburg),53.8167000, 11.2167000
2279,Ravensberg (Lkr. Rostock),53.9941800, 11.7379100
2284,Schallstadt,47.9597500, 7.7508500
2285,Groß Labenz (Lkr. Nordwestmecklenburg),53.8000000, 11.7000000
2286,Schönau a. d. Eigen (Lkr. Görlitz),51.0667000, 14.9000000
2289,Kiel,54.3213300, 10.1348900
2304,Wachtendonk,51.3974000, 6.2919000
2321,Ellingstedt (Lkr. Schleswig-Flensburg),54.4833000, 9.4000000
2327,Groß Dratow (Lkr. Mecklenburgische Seenplatte),53.5217900, 12.8253400
2328,Alt Polchow (Lkr. Rostock),53.9333000, 12.4167000
2329,Schmarsow (Lkr. Vorpommern-Greifswald),53.4667000, 13.9833000
2330,Ducherow-Schmuggerow (Lkr. Vorpommern-Greifswald),53.7557000, 13.7766000
2331,"""Müritzgebiet""",53.4822200, 12.6233300
2332,Bad Doberan (Lkr. Rostock),54.1037000, 11.8764000
2333,Dargitz (Lkr. Vorpommern-Greifswald),53.5333000, 13.9000000
2334,Hermannshof (Lkr. Vorpommern-Rügen),54.3113200, 12.4979800
2335,Hohenmin (Lkr. Mecklenburgische Seenplatte),53.6500000, 13.2833000
2336,Krackow (Lkr. Vorpommern-Greifswald),53.3500000, 14.2666700
2337,Löwitz (Lkr. Vorpommern-Greifswald),53.7557000, 13.7766000
2339,Plau (Lkr. Ludwigslust-Parchim),53.4500000, 12.2667000
2340,Rakow (Lkr. Nordwestmecklenburg),54.0425300, 11.6023500
2341,Roggow-Russow (Lkr. Rostock),54.1053600, 11.6127600
2350,Schkölen (Saale-Holzland-Kreis),51.0333000, 11.8167000
2351,Angeln (Kreis Schleswig-Flensburg),54.6952200, 9.8077500
2352,Ostfriesland,53.3333300, 7.5000000
2353,Usingen,50.3352700, 8.5353500
2354,Emsland,52.8333300, 7.3333300
2356,Rubitz (Lkr. Vorpommern-Rügen),54.3262800, 12.7352100
2357,Schleswig-Holstein,54.2000000, 9.7500000
2358,"Trier, Dom",49.7556500, 6.6393500
2359,Trüstedt (Altmarkkreis Salzwedel),52.5586300, 11.4989500
2360,Cochstedt (Lkr. Salzlandkreis),51.8824700, 11.4108500
2361,Bitterfeld (Lkr. Anhalt-Bitterfeld),51.6632500, 12.2397000
2363,Mansfeld,51.5923400, 11.4522300
2364,Raum Olpe-Finnentrop,51.1680000, 7.9730000
2365,Zwischen Paderborn und Unna,51.5669400, 8.2044400
2366,Warendorf,51.8991700, 7.9469400
2367,Westliches Münsterland,51.8708300, 7.3647200
2368,Haselünne und Umgebung,52.6776000, 7.4734000
2370,Altkreis Hildesheim-Marienburg,52.1266700, 9.9650000
2371,Im Nienburgischen,52.6527800, 9.1669400
2372,Im Lüneburgischen,53.2938900, 10.5661100
2373,Lüneburger Heide,53.0000000, 10.0833300
2374,Gegend von Stade,53.6086100, 9.4061100
2375,Gröbzig (Lkr. Anhalt-Bitterfeld),51.6822600, 11.8745300
2376,"Neeken, Ot. v. Brambach",51.8919400, 12.1634000
2377,Halle-Dölau,51.5104400, 11.8858400
2379,Biebertal-Fellinghausen,50.6421400, 8.5973000
2383,Görke (Lkr. Vorpommern-Greifswald),53.8333000, 13.5833000
2384,Bröbberow (Lkr. Rostock),53.9660000, 12.0500000
2385,Friedrichsdorf (Lkr. Nordwestmecklenburg),53.9833000, 11.5333000
2386,Dummerstorf (Lkr. Rostock),54.0167000, 12.2333000
2387,Groß Schwaß (Lkr. Rostock),54.0500000, 12.0500000
2388,Hagenow (Lkr. Luswigslust-Parchim),53.4188000, 11.2332000
2389,Holzendorf bei Müsselmow (Lkr. Ludwigslust-Parchim),53.7167000, 11.6167000
2390,Klein Labenz (Lkr. Nordwestmecklenburg),53.8000000, 11.7000000
2391,Neukalen (Lkr. Rostock),53.8167000, 12.7833000
2392,Rowa (Lkr. Mecklenburgische Seenplatte),53.4667000, 13.2667000
2393,Steffin (Lkr. Nordwestmecklenburg),53.8500000, 11.4667000
2394,Strelitz (Lkr. Mecklenburgische Seenplatte),53.3501000, 13.0672000
2395,Ulrichshusen (Lkr. Mecklenburgische Seenplatte),53.6333000, 12.5833000
2397,Altenburg (Bernburg),51.8374700, 51.8374700
2398,Fredenbeck (Lkr. Stade),53.5236000, 9.4035000
2404,Rödgen,50.3666700, 8.7666700
